time,deviceMode,vBat,ec,sal,tds,slowDallasTemp,fastBRTemp,slowBRPres,slowBRTemp,slowBRDepth
2026-06-07T20:08:06,1,3.69,999.00,999.00,999.00,999.00,19.37,1014.20,21.14,0.01
2026-06-07T20:08:08,1,3.65,999.00,999.00,999.00,999.00,19.37,1014.50,21.16,0.01
2026-06-07T20:08:09,1,3.69,1.38,0.00,1.00,999.00,19.37,1014.00,21.17,0.01
2026-06-07T20:08:09,1,3.70,1.38,0.00,1.00,999.00,19.37,1013.90,21.18,0.01
2026-06-07T20:08:09,1,3.69,1.38,0.00,1.00,999.00,19.35,1014.40,21.18,0.01
2026-06-07T20:08:09,1,3.70,1.15,0.00,1.00,999.00,19.37,1013.70,21.18,0.01
2026-06-07T20:08:10,1,3.71,1.15,0.00,1.00,999.00,19.37,1013.50,21.18,0.00
2026-06-07T20:08:10,1,3.71,1.15,0.00,1.00,999.00,19.37,1014.00,21.18,0.01
2026-06-07T20:08:10,1,3.68,1.15,0.00,1.00,999.00,19.38,1013.70,21.18,0.01
2026-06-07T20:08:10,1,3.70,1.15,0.00,1.00,999.00,19.38,1013.90,21.18,0.01
2026-06-07T20:08:10,1,3.70,0.92,0.00,0.00,999.00,19.37,1013.90,21.18,0.01
2026-06-07T20:08:11,1,3.69,0.92,0.00,0.00,999.00,19.38,1013.60,21.18,0.01
2026-06-07T20:08:11,1,3.72,0.92,0.00,0.00,999.00,19.39,1013.80,21.18,0.01
2026-06-07T20:08:11,1,3.70,0.92,0.00,0.00,999.00,19.38,1013.70,21.18,0.01
2026-06-07T20:08:11,1,3.68,0.00,0.00,0.00,999.00,19.39,1013.70,21.18,0.01
2026-06-07T20:08:11,1,3.69,0.00,0.00,0.00,999.00,19.41,1013.70,21.18,0.01
2026-06-07T20:08:12,1,3.71,0.00,0.00,0.00,999.00,19.40,1013.70,21.18,0.01
2026-06-07T20:08:12,1,3.69,0.00,0.00,0.00,999.00,19.39,1013.20,21.18,0.00
2026-06-07T20:08:12,1,3.71,0.00,0.00,0.00,999.00,19.40,1013.90,21.18,0.01
2026-06-07T20:08:12,1,3.71,0.00,0.00,0.00,999.00,19.40,1013.30,21.18,0.00
2026-06-07T20:08:12,1,3.70,0.00,0.00,0.00,999.00,19.39,1014.00,21.18,0.01
2026-06-07T20:08:13,1,3.71,0.00,0.00,0.00,999.00,19.40,1013.70,21.18,0.01
2026-06-07T20:08:13,1,3.70,0.00,0.00,0.00,999.00,19.40,1013.50,21.18,0.00
2026-06-07T20:08:13,1,3.70,0.00,0.00,0.00,999.00,19.41,1014.00,21.18,0.01
2026-06-07T20:08:13,1,3.72,0.00,0.00,0.00,999.00,19.41,1013.80,21.18,0.01
2026-06-07T20:08:13,1,3.71,0.00,0.00,0.00,999.00,19.41,1013.70,21.18,0.01
2026-06-07T20:08:14,1,3.70,0.00,0.00,0.00,999.00,19.40,1013.50,21.18,0.00
2026-06-07T20:08:14,1,3.71,0.00,0.00,0.00,999.00,19.41,1013.60,21.18,0.01
2026-06-07T20:08:14,1,3.70,0.00,0.00,0.00,999.00,19.41,1013.90,21.18,0.01
2026-06-07T20:08:14,1,3.72,0.00,0.00,0.00,999.00,19.41,1014.10,21.18,0.01
2026-06-07T20:08:14,1,3.69,0.00,0.00,0.00,999.00,19.41,1013.70,21.17,0.01
2026-06-07T20:08:15,1,3.70,0.00,0.00,0.00,999.00,19.41,1013.60,21.17,0.01
2026-06-07T20:08:15,1,3.69,0.00,0.00,0.00,999.00,19.41,1013.60,21.18,0.01
2026-06-07T20:08:15,1,3.68,0.00,0.00,0.00,999.00,19.41,1013.60,21.18,0.01
2026-06-07T20:08:15,1,3.71,0.00,0.00,0.00,999.00,19.41,1013.40,21.17,0.00
2026-06-07T20:08:16,1,3.70,0.00,0.00,0.00,999.00,19.41,1013.70,21.16,0.01
2026-06-07T20:08:16,1,3.69,0.00,0.00,0.00,999.00,19.41,1013.30,21.17,0.00
2026-06-07T20:08:16,1,3.67,0.00,0.00,0.00,999.00,19.41,1013.80,21.17,0.01
2026-06-07T20:08:16,1,3.68,0.00,0.00,0.00,999.00,19.41,1013.10,21.17,0.00
2026-06-07T20:08:16,1,3.71,0.00,0.00,0.00,999.00,19.41,1013.50,21.17,0.00
2026-06-07T20:08:17,1,3.70,0.00,0.00,0.00,999.00,19.41,1013.70,21.17,0.01
2026-06-07T20:08:17,1,3.70,0.00,0.00,0.00,999.00,19.41,1014.10,21.17,0.01
2026-06-07T20:08:17,1,3.70,0.00,0.00,0.00,999.00,19.41,1013.40,21.17,0.00
2026-06-07T20:08:17,1,3.71,0.00,0.00,0.00,999.00,19.40,1013.10,21.17,0.00
2026-06-07T20:08:17,1,3.70,0.00,0.00,0.00,999.00,19.40,1013.70,21.16,0.01
2026-06-07T20:08:18,1,3.70,0.00,0.00,0.00,999.00,19.40,1013.70,21.15,0.01
2026-06-07T20:08:18,1,3.70,0.00,0.00,0.00,999.00,19.41,1013.40,21.16,0.00
2026-06-07T20:08:18,1,3.69,0.00,0.00,0.00,999.00,19.41,1014.20,21.14,0.01
2026-06-07T20:08:18,1,3.69,0.00,0.00,0.00,999.00,19.40,1013.40,21.15,0.00
2026-06-07T20:08:18,1,3.72,0.00,0.00,0.00,999.00,19.40,1013.90,21.15,0.01
2026-06-07T20:08:19,1,3.71,0.00,0.00,0.00,999.00,19.40,1014.20,21.15,0.01
2026-06-07T20:08:19,1,3.70,0.00,0.00,0.00,999.00,19.40,1013.70,21.15,0.01
2026-06-07T20:08:19,1,3.70,0.00,0.00,0.00,999.00,19.40,1013.90,21.16,0.01
2026-06-07T20:08:19,1,3.71,0.00,0.00,0.00,999.00,19.40,1014.00,21.16,0.01
2026-06-07T20:08:19,1,3.71,0.00,0.00,0.00,999.00,19.39,1013.20,21.15,0.00
2026-06-07T20:08:20,1,3.68,0.00,0.00,0.00,999.00,19.39,1013.30,21.15,0.00
2026-06-07T20:08:20,1,3.69,0.00,0.00,0.00,999.00,19.39,1013.40,21.15,0.00
2026-06-07T20:08:20,1,3.70,0.00,0.00,0.00,999.00,19.39,1013.40,21.15,0.00
2026-06-07T20:08:20,1,3.69,0.00,0.00,0.00,999.00,19.39,1013.50,21.15,0.00
2026-06-07T20:08:21,1,3.69,0.00,0.00,0.00,999.00,19.38,1013.60,21.15,0.01
2026-06-07T20:08:21,1,3.70,0.00,0.00,0.00,999.00,19.38,1013.30,21.15,0.00
2026-06-07T20:08:21,1,3.68,0.00,0.00,0.00,999.00,19.39,1013.10,21.15,0.00
2026-06-07T20:08:21,1,3.71,0.00,0.00,0.00,999.00,19.38,1013.80,21.15,0.01
2026-06-07T20:08:21,1,3.69,0.00,0.00,0.00,999.00,19.39,1013.30,21.15,0.00
2026-06-07T20:08:22,1,3.71,0.00,0.00,0.00,999.00,19.39,1013.10,21.15,0.00
2026-06-07T20:08:22,1,3.68,0.00,0.00,0.00,999.00,19.39,1013.00,21.15,0.00
2026-06-07T20:08:22,1,3.68,0.00,0.00,0.00,999.00,19.38,1013.50,21.14,0.00
2026-06-07T20:08:22,1,3.65,0.00,0.00,0.00,999.00,19.38,1013.70,21.15,0.01
2026-06-07T20:08:22,1,3.72,0.00,0.00,0.00,999.00,19.37,1013.00,21.14,0.00
2026-06-07T20:08:23,1,3.71,0.00,0.00,0.00,999.00,19.38,1013.50,21.14,0.00
2026-06-07T20:08:23,1,3.71,0.00,0.00,0.00,999.00,19.37,1013.50,21.14,0.00
2026-06-07T20:08:23,1,3.69,0.00,0.00,0.00,999.00,19.38,1013.50,21.14,0.00
2026-06-07T20:08:23,1,3.71,0.00,0.00,0.00,999.00,19.36,1013.10,21.14,0.00
2026-06-07T20:08:23,1,3.69,0.00,0.00,0.00,999.00,19.36,1013.20,21.14,0.00
2026-06-07T20:08:24,1,3.68,0.00,0.00,0.00,999.00,19.35,1013.40,21.14,0.00
2026-06-07T20:08:24,1,3.68,0.00,0.00,0.00,999.00,19.36,1013.40,21.14,0.00
2026-06-07T20:08:24,1,3.69,0.00,0.00,0.00,999.00,19.36,1013.30,21.14,0.00
2026-06-07T20:08:24,1,3.69,0.00,0.00,0.00,999.00,19.35,1013.10,21.14,0.00
2026-06-07T20:08:24,1,3.71,0.00,0.00,0.00,999.00,19.34,1012.80,21.14,-0.00
2026-06-07T20:08:25,1,3.71,0.00,0.00,0.00,999.00,19.34,1013.20,21.14,0.00
2026-06-07T20:08:25,1,3.70,0.00,0.00,0.00,999.00,19.34,1012.90,21.13,-0.00
2026-06-07T20:08:25,1,3.69,0.00,0.00,0.00,999.00,19.34,1013.40,21.13,0.00
2026-06-07T20:08:25,1,3.69,0.00,0.00,0.00,999.00,19.34,1013.30,21.13,0.00
2026-06-07T20:08:25,1,3.71,0.00,0.00,0.00,999.00,19.34,1013.30,21.13,0.00
2026-06-07T20:08:26,1,3.68,0.00,0.00,0.00,999.00,19.34,1013.50,21.13,0.00
2026-06-07T20:08:26,1,3.68,0.00,0.00,0.00,999.00,19.34,1013.00,21.13,0.00
2026-06-07T20:08:26,1,3.70,0.00,0.00,0.00,999.00,19.32,1012.90,21.13,-0.00
2026-06-07T20:08:26,1,3.71,0.00,0.00,0.00,999.00,19.32,1013.50,21.13,0.00
2026-06-07T20:08:26,1,3.70,0.00,0.00,0.00,999.00,19.32,1013.10,21.13,0.00
2026-06-07T20:08:27,1,3.69,0.00,0.00,0.00,999.00,19.33,1013.10,21.12,0.00
2026-06-07T20:08:27,1,3.67,0.00,0.00,0.00,999.00,19.32,1013.20,21.12,0.00
2026-06-07T20:08:27,1,3.70,0.00,0.00,0.00,999.00,19.32,1013.40,21.12,0.00
2026-06-07T20:08:27,1,3.70,0.00,0.00,0.00,999.00,19.32,1012.80,21.12,-0.00
2026-06-07T20:08:27,1,3.68,0.00,0.00,0.00,999.00,19.32,1012.50,21.12,-0.00
2026-06-07T20:08:28,1,3.69,0.00,0.00,0.00,999.00,19.31,1012.50,21.12,-0.00
2026-06-07T20:08:28,1,3.71,0.00,0.00,0.00,999.00,19.31,1013.20,21.12,0.00
2026-06-07T20:08:28,1,3.70,0.00,0.00,0.00,999.00,19.32,1012.90,21.11,-0.00
2026-06-07T20:08:28,1,3.70,0.00,0.00,0.00,999.00,19.30,1013.10,21.11,0.00
2026-06-07T20:08:29,1,3.70,0.00,0.00,0.00,999.00,19.30,1013.00,21.11,0.00
2026-06-07T20:08:29,1,3.68,0.00,0.00,0.00,999.00,19.30,1012.60,21.11,-0.00
2026-06-07T20:08:29,1,3.67,0.00,0.00,0.00,999.00,19.30,1013.30,21.11,0.00
2026-06-07T20:08:29,1,3.66,0.00,0.00,0.00,999.00,19.29,1013.00,21.11,0.00
2026-06-07T20:08:29,1,3.69,0.00,0.00,0.00,999.00,19.30,1013.30,21.11,0.00
2026-06-07T20:08:30,1,3.69,0.00,0.00,0.00,999.00,19.29,1013.50,21.11,0.00
2026-06-07T20:08:30,1,3.70,0.00,0.00,0.00,999.00,19.28,1013.30,21.11,0.00
2026-06-07T20:08:30,1,3.70,0.00,0.00,0.00,999.00,19.29,1013.30,21.11,0.00
2026-06-07T20:08:30,1,3.70,0.00,0.00,0.00,999.00,19.27,1012.80,21.11,-0.00
2026-06-07T20:08:30,1,3.70,0.00,0.00,0.00,999.00,19.28,1012.50,21.11,-0.00
2026-06-07T20:08:31,1,3.70,0.00,0.00,0.00,999.00,19.28,1012.70,21.10,-0.00
2026-06-07T20:08:31,1,3.68,0.00,0.00,0.00,999.00,19.28,1012.80,21.10,-0.00
2026-06-07T20:08:31,1,3.68,0.00,0.00,0.00,999.00,19.28,1013.10,21.10,0.00
2026-06-07T20:08:31,1,3.68,0.00,0.00,0.00,999.00,19.27,1013.00,21.10,0.00
2026-06-07T20:08:32,1,3.69,0.00,0.00,0.00,999.00,19.27,1013.20,21.10,0.00
2026-06-07T20:08:32,1,3.71,0.00,0.00,0.00,999.00,19.28,1013.00,21.10,0.00
2026-06-07T20:08:32,1,3.71,0.00,0.00,0.00,999.00,19.28,1012.90,21.10,-0.00
2026-06-07T20:08:32,1,3.68,0.00,0.00,0.00,999.00,19.27,1012.90,21.10,-0.00
2026-06-07T20:08:32,1,3.70,0.00,0.00,0.00,999.00,19.27,1012.80,21.10,-0.00
2026-06-07T20:08:33,1,3.70,0.00,0.00,0.00,999.00,19.27,1013.50,21.10,0.00
2026-06-07T20:08:33,1,3.68,0.00,0.00,0.00,999.00,19.28,1013.00,21.10,0.00
2026-06-07T20:08:33,1,3.69,0.00,0.00,0.00,999.00,19.28,1012.90,21.10,-0.00
2026-06-07T20:08:33,1,3.69,0.00,0.00,0.00,999.00,19.27,1013.20,21.09,0.00
2026-06-07T20:08:33,1,3.70,0.00,0.00,0.00,999.00,19.27,1013.40,21.09,0.00
2026-06-07T20:08:34,1,3.68,0.00,0.00,0.00,999.00,19.27,1013.50,21.09,0.00
2026-06-07T20:08:34,1,3.66,0.00,0.00,0.00,999.00,19.27,1013.10,21.09,0.00
2026-06-07T20:08:34,1,3.68,0.00,0.00,0.00,999.00,19.27,1014.30,21.06,0.01
2026-06-07T20:08:34,1,3.68,0.00,0.00,0.00,999.00,19.27,1013.90,21.06,0.01
2026-06-07T20:08:34,1,3.70,0.00,0.00,0.00,999.00,19.27,1013.60,21.06,0.01
2026-06-07T20:08:35,1,3.68,0.00,0.00,0.00,999.00,19.27,1013.90,21.06,0.01
2026-06-07T20:08:35,1,3.70,0.00,0.00,0.00,999.00,19.27,1013.80,21.06,0.01
2026-06-07T20:08:35,1,3.70,0.00,0.00,0.00,999.00,19.27,1013.90,21.06,0.01
2026-06-07T20:08:35,1,3.69,0.00,0.00,0.00,999.00,19.27,1013.80,21.05,0.01
2026-06-07T20:08:35,1,3.69,0.00,0.00,0.00,999.00,19.27,1013.00,21.06,0.00
2026-06-07T20:08:36,1,3.70,0.00,0.00,0.00,999.00,19.27,1013.40,21.06,0.00
2026-06-07T20:08:36,1,3.66,0.00,0.00,0.00,999.00,19.27,1013.50,21.05,0.00
2026-06-07T20:08:36,1,3.66,0.00,0.00,0.00,999.00,19.27,1013.70,21.06,0.01
2026-06-07T20:08:36,1,3.68,0.00,0.00,0.00,999.00,19.27,1013.20,21.06,0.00
2026-06-07T20:08:36,1,3.70,0.00,0.00,0.00,999.00,19.27,1013.60,21.05,0.01
2026-06-07T20:08:37,1,3.68,0.00,0.00,0.00,999.00,19.27,1013.30,21.05,0.00
2026-06-07T20:08:37,1,3.71,0.00,0.00,0.00,999.00,19.26,1013.40,21.06,0.00
2026-06-07T20:08:37,1,3.69,0.00,0.00,0.00,999.00,19.25,1013.20,21.06,0.00
2026-06-07T20:08:37,1,3.71,0.00,0.00,0.00,999.00,19.25,1013.30,21.06,0.00
2026-06-07T20:08:37,1,3.68,0.00,0.00,0.00,999.00,19.25,1013.30,21.06,0.00
2026-06-07T20:08:38,1,3.70,0.00,0.00,0.00,999.00,19.25,1013.80,21.06,0.01
2026-06-07T20:08:38,1,3.70,0.00,0.00,0.00,999.00,19.25,1013.70,21.05,0.01
2026-06-07T20:08:38,1,3.68,0.00,0.00,0.00,999.00,19.26,1013.30,21.05,0.00
2026-06-07T20:08:38,1,3.70,0.00,0.00,0.00,999.00,19.25,1012.90,21.05,-0.00
2026-06-07T20:08:39,1,3.66,0.00,0.00,0.00,999.00,19.25,1013.40,21.06,0.00
2026-06-07T20:08:39,1,3.69,0.00,0.00,0.00,999.00,19.25,1013.50,21.06,0.00
2026-06-07T20:08:39,1,3.68,0.00,0.00,0.00,999.00,19.25,1013.60,21.05,0.01
2026-06-07T20:08:39,1,3.66,0.00,0.00,0.00,999.00,19.25,1013.60,21.04,0.01
2026-06-07T20:08:39,1,3.69,0.00,0.00,0.00,999.00,19.25,1013.40,21.05,0.00
2026-06-07T20:08:40,1,3.70,0.00,0.00,0.00,999.00,19.25,1013.50,21.05,0.00
2026-06-07T20:08:40,1,3.69,0.00,0.00,0.00,999.00,19.25,1013.40,21.05,0.00
2026-06-07T20:08:40,1,3.69,0.00,0.00,0.00,999.00,19.25,1014.10,21.04,0.01
2026-06-07T20:08:40,1,3.70,0.00,0.00,0.00,999.00,19.25,1014.10,21.04,0.01
2026-06-07T20:08:40,1,3.70,0.00,0.00,0.00,999.00,19.25,1013.80,21.04,0.01
2026-06-07T20:08:41,1,3.68,0.00,0.00,0.00,999.00,19.25,1013.80,21.04,0.01
2026-06-07T20:08:41,1,3.69,0.00,0.00,0.00,999.00,19.25,1014.00,21.03,0.01
2026-06-07T20:08:41,1,3.69,0.00,0.00,0.00,999.00,19.25,1013.80,21.03,0.01
2026-06-07T20:08:41,1,3.71,0.00,0.00,0.00,999.00,19.25,1013.70,21.03,0.01
2026-06-07T20:08:41,1,3.68,0.00,0.00,0.00,999.00,19.25,1014.10,21.04,0.01
2026-06-07T20:08:42,1,3.70,0.00,0.00,0.00,999.00,19.26,1014.00,21.04,0.01
2026-06-07T20:08:42,1,3.70,0.00,0.00,0.00,999.00,19.25,1014.00,21.04,0.01
2026-06-07T20:08:42,1,3.68,0.00,0.00,0.00,999.00,19.26,1014.10,21.03,0.01
2026-06-07T20:08:42,1,3.70,0.00,0.00,0.00,999.00,19.26,1013.90,21.03,0.01
2026-06-07T20:08:42,1,3.70,0.00,0.00,0.00,999.00,19.26,1014.20,21.03,0.01
2026-06-07T20:08:43,1,3.70,0.00,0.00,0.00,999.00,19.26,1013.70,21.03,0.01
2026-06-07T20:08:43,1,3.71,0.00,0.00,0.00,999.00,19.27,1014.70,21.03,0.02
2026-06-07T20:08:43,1,3.68,0.00,0.00,0.00,999.00,19.27,1014.00,21.03,0.01
2026-06-07T20:08:43,1,3.69,0.00,0.00,0.00,999.00,19.27,1014.10,21.03,0.01
2026-06-07T20:08:43,1,3.67,0.00,0.00,0.00,999.00,19.27,1014.10,21.03,0.01
2026-06-07T20:08:44,1,3.70,0.00,0.00,0.00,999.00,19.27,1014.00,21.02,0.01
2026-06-07T20:08:44,1,3.69,0.00,0.00,0.00,999.00,19.27,1013.70,21.03,0.01
2026-06-07T20:08:44,1,3.68,0.00,0.00,0.00,999.00,19.27,1013.70,21.03,0.01
2026-06-07T20:08:44,1,3.70,0.00,0.00,0.00,999.00,19.27,1013.60,21.03,0.01
2026-06-07T20:08:45,1,3.70,0.00,0.00,0.00,999.00,19.27,1013.80,21.03,0.01
2026-06-07T20:08:45,1,3.71,0.00,0.00,0.00,999.00,19.27,1014.40,21.02,0.01
2026-06-07T20:08:45,1,3.69,0.00,0.00,0.00,999.00,19.27,1014.40,21.02,0.01
2026-06-07T20:08:45,1,3.70,0.00,0.00,0.00,999.00,19.27,1014.20,21.02,0.01
2026-06-07T20:08:45,1,3.70,0.00,0.00,0.00,999.00,19.27,1013.70,21.03,0.01
2026-06-07T20:08:46,1,3.70,0.00,0.00,0.00,999.00,19.27,1013.60,21.03,0.01
2026-06-07T20:08:46,1,3.68,0.00,0.00,0.00,999.00,19.27,1013.90,21.02,0.01
2026-06-07T20:08:46,1,3.70,0.00,0.00,0.00,999.00,19.27,1014.20,21.02,0.01
2026-06-07T20:08:46,1,3.70,0.00,0.00,0.00,999.00,19.28,1014.40,21.02,0.01
2026-06-07T20:08:46,1,3.69,0.00,0.00,0.00,999.00,19.28,1014.20,21.02,0.01
2026-06-07T20:08:47,1,3.68,0.00,0.00,0.00,999.00,19.28,1014.40,21.01,0.01
2026-06-07T20:08:47,1,3.68,0.00,0.00,0.00,999.00,19.28,1014.10,21.01,0.01
2026-06-07T20:08:47,1,3.70,0.00,0.00,0.00,999.00,19.29,1013.90,21.01,0.01
2026-06-07T20:08:47,1,3.68,0.00,0.00,0.00,999.00,19.29,1014.10,21.01,0.01
2026-06-07T20:08:47,1,3.71,0.00,0.00,0.00,999.00,19.29,1014.00,21.01,0.01
2026-06-07T20:08:48,1,3.71,0.00,0.00,0.00,999.00,19.28,1014.30,21.01,0.01
2026-06-07T20:08:48,1,3.71,0.00,0.00,0.00,999.00,19.29,1013.70,21.02,0.01
2026-06-07T20:08:48,1,3.70,0.00,0.00,0.00,999.00,19.28,1013.50,21.02,0.00
2026-06-07T20:08:48,1,3.70,0.00,0.00,0.00,999.00,19.28,1014.00,21.02,0.01
2026-06-07T20:08:48,1,3.68,0.00,0.00,0.00,999.00,19.28,1013.70,21.02,0.01
2026-06-07T20:08:49,1,3.71,0.00,0.00,0.00,999.00,19.28,1013.90,21.02,0.01
2026-06-07T20:08:49,1,3.70,0.00,0.00,0.00,999.00,19.27,1013.90,21.02,0.01
2026-06-07T20:08:49,1,3.70,0.00,0.00,0.00,999.00,19.27,1013.80,21.02,0.01
2026-06-07T20:08:49,1,3.70,0.00,0.00,0.00,999.00,19.27,1014.00,21.01,0.01
2026-06-07T20:08:50,1,3.68,0.00,0.00,0.00,999.00,19.28,1013.60,21.02,0.01
2026-06-07T20:08:50,1,3.71,0.00,0.00,0.00,999.00,19.28,1013.60,21.02,0.01
2026-06-07T20:08:50,1,3.70,0.00,0.00,0.00,999.00,19.28,1014.20,21.02,0.01
2026-06-07T20:08:50,1,3.68,0.00,0.00,0.00,999.00,19.28,1013.30,21.01,0.00
2026-06-07T20:08:50,1,3.70,0.00,0.00,0.00,999.00,19.28,1013.90,21.01,0.01
2026-06-07T20:08:51,1,3.70,0.00,0.00,0.00,999.00,19.28,1014.50,21.01,0.01
2026-06-07T20:08:51,1,3.69,0.00,0.00,0.00,999.00,19.28,1013.70,21.01,0.01
2026-06-07T20:08:51,1,3.69,0.00,0.00,0.00,999.00,19.29,1013.70,21.01,0.01
2026-06-07T20:08:51,1,3.69,0.00,0.00,0.00,999.00,19.29,1013.90,21.01,0.01
2026-06-07T20:08:51,1,3.70,0.00,0.00,0.00,999.00,19.29,1013.70,21.01,0.01
2026-06-07T20:08:52,1,3.70,0.00,0.00,0.00,999.00,19.28,1013.80,21.01,0.01
2026-06-07T20:08:52,1,3.68,0.00,0.00,0.00,999.00,19.29,1013.80,21.01,0.01
2026-06-07T20:08:52,1,3.70,0.00,0.00,0.00,999.00,19.29,1014.00,21.01,0.01
2026-06-07T20:08:52,1,3.70,0.00,0.00,0.00,999.00,19.29,1013.70,21.01,0.01
2026-06-07T20:08:52,1,3.70,0.00,0.00,0.00,999.00,19.29,1014.00,21.00,0.01
2026-06-07T20:08:53,1,3.68,0.00,0.00,0.00,999.00,19.29,1014.20,21.01,0.01
2026-06-07T20:08:53,1,3.69,0.00,0.00,0.00,999.00,19.29,1014.00,21.01,0.01
2026-06-07T20:08:53,1,3.71,0.00,0.00,0.00,999.00,19.29,1013.70,21.01,0.01
2026-06-07T20:08:53,1,3.70,0.00,0.00,0.00,999.00,19.29,1014.00,21.00,0.01
2026-06-07T20:08:53,1,3.70,0.00,0.00,0.00,999.00,19.29,1014.00,21.00,0.01
2026-06-07T20:08:54,1,3.71,0.00,0.00,0.00,999.00,19.29,1014.10,21.00,0.01
2026-06-07T20:08:54,1,3.69,0.00,0.00,0.00,999.00,19.29,1014.40,21.00,0.01
2026-06-07T20:08:54,1,3.68,0.00,0.00,0.00,999.00,19.29,1014.10,21.00,0.01
2026-06-07T20:08:54,1,3.68,0.00,0.00,0.00,999.00,19.29,1014.40,21.00,0.01
2026-06-07T20:08:54,1,3.69,0.00,0.00,0.00,999.00,19.28,1013.70,21.00,0.01
2026-06-07T20:08:55,1,3.68,0.00,0.00,0.00,999.00,19.28,1013.80,21.00,0.01
2026-06-07T20:08:55,1,3.71,0.00,0.00,0.00,999.00,19.27,1013.90,21.00,0.01
2026-06-07T20:08:55,1,3.70,0.00,0.00,0.00,999.00,19.27,1014.20,21.00,0.01
2026-06-07T20:08:55,1,3.70,0.00,0.00,0.00,999.00,19.27,1014.00,21.00,0.01
2026-06-07T20:08:56,1,3.68,0.00,0.00,0.00,999.00,19.27,1014.20,21.00,0.01
2026-06-07T20:08:56,1,3.68,0.00,0.00,0.00,999.00,19.27,1014.30,21.00,0.01
2026-06-07T20:08:56,1,3.71,0.00,0.00,0.00,999.00,19.27,1014.30,21.00,0.01
2026-06-07T20:08:56,1,3.67,0.00,0.00,0.00,999.00,19.27,1014.20,21.00,0.01
2026-06-07T20:08:56,1,3.70,0.00,0.00,0.00,999.00,19.27,1014.40,21.00,0.01
2026-06-07T20:08:57,1,3.68,0.00,0.00,0.00,999.00,19.27,1013.80,20.99,0.01
2026-06-07T20:08:57,1,3.69,0.00,0.00,0.00,999.00,19.27,1013.90,21.00,0.01
2026-06-07T20:08:57,1,3.68,0.00,0.00,0.00,999.00,19.26,1013.90,20.99,0.01
2026-06-07T20:08:57,1,3.69,0.00,0.00,0.00,999.00,19.27,1014.20,20.99,0.01
2026-06-07T20:08:57,1,3.68,0.00,0.00,0.00,999.00,19.27,1014.40,20.99,0.01
2026-06-07T20:08:58,1,3.70,0.00,0.00,0.00,999.00,19.25,1014.30,20.99,0.01
2026-06-07T20:08:58,1,3.70,0.00,0.00,0.00,999.00,19.25,1013.70,20.99,0.01
2026-06-07T20:08:58,1,3.71,0.00,0.00,0.00,999.00,19.25,1014.20,20.99,0.01
2026-06-07T20:08:58,1,3.69,0.00,0.00,0.00,999.00,19.24,1014.30,20.99,0.01
2026-06-07T20:08:58,1,3.68,0.00,0.00,0.00,999.00,19.25,1013.90,20.99,0.01
2026-06-07T20:08:59,1,3.70,0.00,0.00,0.00,999.00,19.24,1014.20,20.99,0.01
2026-06-07T20:08:59,1,3.68,0.00,0.00,0.00,999.00,19.24,1013.90,20.99,0.01
2026-06-07T20:08:59,1,3.68,0.00,0.00,0.00,999.00,19.24,1013.90,20.99,0.01
2026-06-07T20:08:59,1,3.70,0.00,0.00,0.00,999.00,19.24,1014.00,20.98,0.01
2026-06-07T20:08:59,1,3.68,0.00,0.00,0.00,999.00,19.24,1014.10,20.99,0.01
2026-06-07T20:09:00,1,3.71,0.00,0.00,0.00,999.00,19.24,1014.10,20.99,0.01
2026-06-07T20:09:00,1,3.66,0.00,0.00,0.00,999.00,19.23,1014.00,20.98,0.01
2026-06-07T20:09:00,1,3.68,0.00,0.00,0.00,999.00,19.23,1014.10,20.99,0.01
2026-06-07T20:09:00,1,3.70,0.00,0.00,0.00,999.00,19.23,1014.20,20.99,0.01
2026-06-07T20:09:01,1,3.68,0.00,0.00,0.00,999.00,19.23,1014.00,20.98,0.01
2026-06-07T20:09:01,1,3.69,0.00,0.00,0.00,999.00,19.23,1014.00,20.98,0.01
2026-06-07T20:09:01,1,3.71,0.00,0.00,0.00,999.00,19.23,1014.60,20.98,0.02
2026-06-07T20:09:01,1,3.71,0.00,0.00,0.00,999.00,19.23,1013.80,20.98,0.01
2026-06-07T20:09:01,1,3.69,0.00,0.00,0.00,999.00,19.23,1014.30,20.98,0.01
2026-06-07T20:09:02,1,3.70,0.00,0.00,0.00,999.00,19.23,1014.00,20.98,0.01
2026-06-07T20:09:02,1,3.69,0.00,0.00,0.00,999.00,19.22,1014.20,20.98,0.01
2026-06-07T20:09:02,1,3.69,0.00,0.00,0.00,999.00,19.21,1013.90,20.98,0.01
2026-06-07T20:09:02,1,3.68,0.00,0.00,0.00,999.00,19.21,1013.90,20.98,0.01
2026-06-07T20:09:02,1,3.70,0.00,0.00,0.00,999.00,19.20,1014.30,20.98,0.01
2026-06-07T20:09:03,1,3.71,0.00,0.00,0.00,999.00,19.20,1014.10,20.98,0.01
2026-06-07T20:09:03,1,3.68,0.00,0.00,0.00,999.00,19.20,1014.00,20.97,0.01
2026-06-07T20:09:03,1,3.70,0.00,0.00,0.00,999.00,19.20,1014.40,20.98,0.01
2026-06-07T20:09:03,1,3.68,0.00,0.00,0.00,999.00,19.19,1013.70,20.97,0.01
2026-06-07T20:09:03,1,3.70,0.00,0.00,0.00,999.00,19.19,1014.40,20.97,0.01
2026-06-07T20:09:04,1,3.71,0.00,0.00,0.00,999.00,19.18,1014.40,20.97,0.01
2026-06-07T20:09:04,1,3.70,0.00,0.00,0.00,999.00,19.17,1014.40,20.97,0.01
2026-06-07T20:09:04,1,3.70,0.00,0.00,0.00,999.00,19.17,1014.20,20.97,0.01
2026-06-07T20:09:04,1,3.69,0.00,0.00,0.00,999.00,19.16,1014.60,20.97,0.02
2026-06-07T20:09:04,1,3.70,0.00,0.00,0.00,999.00,19.16,1013.50,20.97,0.00
2026-06-07T20:09:05,1,3.71,0.00,0.00,0.00,999.00,19.15,1014.10,20.97,0.01
2026-06-07T20:09:05,1,3.68,0.00,0.00,0.00,999.00,19.14,1013.90,20.97,0.01
2026-06-07T20:09:05,1,3.69,0.00,0.00,0.00,999.00,19.14,1014.10,20.97,0.01
2026-06-07T20:09:05,1,3.70,0.00,0.00,0.00,999.00,19.13,1014.30,20.96,0.01
2026-06-07T20:09:05,1,3.71,0.00,0.00,0.00,999.00,19.13,1014.50,20.97,0.01
2026-06-07T20:09:06,1,3.70,0.00,0.00,0.00,999.00,19.14,1014.10,20.96,0.01
2026-06-07T20:09:06,1,3.68,0.00,0.00,0.00,999.00,19.14,1014.40,20.96,0.01
2026-06-07T20:09:06,1,3.69,0.00,0.00,0.00,999.00,19.13,1014.30,20.95,0.01
2026-06-07T20:09:06,1,3.69,0.00,0.00,0.00,999.00,19.13,1013.90,20.96,0.01
2026-06-07T20:09:07,1,3.70,0.00,0.00,0.00,999.00,19.13,1014.80,20.95,0.02
2026-06-07T20:09:07,1,3.71,0.00,0.00,0.00,999.00,19.13,1014.30,20.95,0.01
2026-06-07T20:09:07,1,3.69,0.00,0.00,0.00,999.00,19.13,1014.00,20.95,0.01
2026-06-07T20:09:07,1,3.70,0.00,0.00,0.00,999.00,19.13,1014.10,20.96,0.01
2026-06-07T20:09:07,1,3.67,0.00,0.00,0.00,999.00,19.13,1014.10,20.95,0.01
2026-06-07T20:09:08,1,3.70,0.00,0.00,0.00,999.00,19.13,1014.00,20.95,0.01
2026-06-07T20:09:08,1,3.70,0.00,0.00,0.00,999.00,19.13,1013.80,20.95,0.01
2026-06-07T20:09:08,1,3.68,0.00,0.00,0.00,999.00,19.13,1014.20,20.95,0.01
2026-06-07T20:09:08,1,3.70,0.00,0.00,0.00,999.00,19.13,1014.30,20.95,0.01
2026-06-07T20:09:08,1,3.67,0.00,0.00,0.00,999.00,19.12,1014.00,20.95,0.01
2026-06-07T20:09:09,1,3.71,0.00,0.00,0.00,999.00,19.13,1014.00,20.95,0.01
2026-06-07T20:09:09,1,3.71,0.00,0.00,0.00,999.00,19.13,1013.80,20.95,0.01
2026-06-07T20:09:09,1,3.68,0.00,0.00,0.00,999.00,19.12,1014.00,20.95,0.01
2026-06-07T20:09:09,1,3.68,0.00,0.00,0.00,999.00,19.12,1014.60,20.95,0.02
2026-06-07T20:09:09,1,3.70,0.00,0.00,0.00,999.00,19.12,1014.10,20.95,0.01
2026-06-07T20:09:10,1,3.71,0.00,0.00,0.00,999.00,19.11,1014.10,20.93,0.01
2026-06-07T20:09:10,1,3.71,0.00,0.00,0.00,999.00,19.11,1014.00,20.94,0.01
2026-06-07T20:09:10,1,3.70,0.00,0.00,0.00,999.00,19.11,1014.30,20.94,0.01
2026-06-07T20:09:10,1,3.69,0.00,0.00,0.00,999.00,19.11,1014.30,20.94,0.01
2026-06-07T20:09:10,1,3.70,0.00,0.00,0.00,999.00,19.11,1014.50,20.94,0.01
2026-06-07T20:09:11,1,3.69,0.00,0.00,0.00,999.00,19.10,1014.00,20.94,0.01
2026-06-07T20:09:11,1,3.69,0.00,0.00,0.00,999.00,19.10,1014.00,20.94,0.01
2026-06-07T20:09:11,1,3.68,0.00,0.00,0.00,999.00,19.10,1013.70,20.94,0.01
2026-06-07T20:09:11,1,3.69,0.00,0.00,0.00,999.00,19.10,1014.20,20.94,0.01
2026-06-07T20:09:12,1,3.70,0.00,0.00,0.00,999.00,19.10,1013.50,20.94,0.00
2026-06-07T20:09:12,1,3.68,0.00,0.00,0.00,999.00,19.10,1013.80,20.94,0.01
2026-06-07T20:09:12,1,3.70,0.00,0.00,0.00,999.00,19.11,1013.90,20.94,0.01
2026-06-07T20:09:12,1,3.69,0.00,0.00,0.00,999.00,19.11,1014.70,20.93,0.02
2026-06-07T20:09:12,1,3.69,0.00,0.00,0.00,999.00,19.11,1014.60,20.93,0.02
2026-06-07T20:09:13,1,3.70,0.00,0.00,0.00,999.00,19.11,1014.80,20.93,0.02
2026-06-07T20:09:13,1,3.70,0.00,0.00,0.00,999.00,19.10,1014.40,20.93,0.01
2026-06-07T20:09:13,1,3.66,0.00,0.00,0.00,999.00,19.10,1014.20,20.93,0.01
2026-06-07T20:09:13,1,3.70,0.00,0.00,0.00,999.00,19.09,1014.10,20.93,0.01
2026-06-07T20:09:13,1,3.69,0.00,0.00,0.00,999.00,19.09,1013.70,20.93,0.01
2026-06-07T20:09:14,1,3.70,0.00,0.00,0.00,999.00,19.09,1014.00,20.93,0.01
2026-06-07T20:09:14,1,3.68,0.00,0.00,0.00,999.00,19.09,1013.70,20.92,0.01
2026-06-07T20:09:14,1,3.70,0.00,0.00,0.00,999.00,19.08,1013.80,20.93,0.01
2026-06-07T20:09:14,1,3.66,0.00,0.00,0.00,999.00,19.07,1014.20,20.92,0.01
2026-06-07T20:09:14,1,3.69,0.00,0.00,0.00,999.00,19.07,1014.20,20.92,0.01
2026-06-07T20:09:15,1,3.71,0.00,0.00,0.00,999.00,19.06,1014.00,20.92,0.01
2026-06-07T20:09:15,1,3.68,0.00,0.00,0.00,999.00,19.06,1013.80,20.92,0.01
2026-06-07T20:09:15,1,3.70,0.00,0.00,0.00,999.00,19.06,1013.90,20.92,0.01
2026-06-07T20:09:15,1,3.67,0.00,0.00,0.00,999.00,19.06,1014.10,20.92,0.01
2026-06-07T20:09:15,1,3.70,0.00,0.00,0.00,999.00,19.06,1013.60,20.92,0.01
2026-06-07T20:09:16,1,3.70,0.00,0.00,0.00,999.00,19.06,1013.70,20.92,0.01
2026-06-07T20:09:16,1,3.70,0.00,0.00,0.00,999.00,19.06,1013.20,20.92,0.00
2026-06-07T20:09:16,1,3.66,0.00,0.00,0.00,999.00,19.06,1014.00,20.92,0.01
2026-06-07T20:09:16,1,3.68,0.00,0.00,0.00,999.00,19.05,1013.60,20.92,0.01
2026-06-07T20:09:16,1,3.68,0.00,0.00,0.00,999.00,19.05,1013.50,20.91,0.00
2026-06-07T20:09:17,1,3.70,0.00,0.00,0.00,999.00,19.03,1013.50,20.92,0.00
2026-06-07T20:09:17,1,3.70,0.00,0.00,0.00,999.00,19.02,1013.30,20.92,0.00
2026-06-07T20:09:17,1,3.68,0.00,0.00,0.00,999.00,19.00,1013.60,20.91,0.01
2026-06-07T20:09:17,1,3.68,0.00,0.00,0.00,999.00,19.00,1013.50,20.92,0.00
2026-06-07T20:09:17,1,3.70,0.00,0.00,0.00,999.00,18.99,1013.90,20.91,0.01
2026-06-07T20:09:18,1,3.69,0.00,0.00,0.00,999.00,18.99,1013.90,20.91,0.01
2026-06-07T20:09:18,1,3.66,0.00,0.00,0.00,999.00,18.99,1013.50,20.91,0.00
2026-06-07T20:09:18,1,3.70,0.00,0.00,0.00,999.00,18.99,1013.70,20.91,0.01
2026-06-07T20:09:18,1,3.68,0.00,0.00,0.00,999.00,18.99,1013.60,20.91,0.01
2026-06-07T20:09:19,1,3.68,0.00,0.00,0.00,999.00,18.99,1013.60,20.91,0.01
2026-06-07T20:09:19,1,3.69,0.00,0.00,0.00,999.00,18.99,1013.40,20.90,0.00
2026-06-07T20:09:19,1,3.68,0.00,0.00,0.00,999.00,18.99,1013.50,20.91,0.00
2026-06-07T20:09:19,1,3.67,0.00,0.00,0.00,999.00,18.99,1013.60,20.91,0.01
2026-06-07T20:09:19,1,3.68,0.00,0.00,0.00,999.00,18.99,1013.80,20.91,0.01
2026-06-07T20:09:20,1,3.70,0.00,0.00,0.00,999.00,18.98,1013.30,20.91,0.00
2026-06-07T20:09:20,1,3.71,0.00,0.00,0.00,999.00,18.98,1013.80,20.91,0.01
2026-06-07T20:09:20,1,3.69,0.00,0.00,0.00,999.00,18.97,1013.80,20.90,0.01
2026-06-07T20:09:20,1,3.68,0.00,0.00,0.00,999.00,18.97,1013.70,20.91,0.01
2026-06-07T20:09:20,1,3.69,0.00,0.00,0.00,999.00,18.97,1013.70,20.91,0.01
2026-06-07T20:09:21,1,3.70,0.00,0.00,0.00,999.00,18.97,1013.80,20.90,0.01
2026-06-07T20:09:21,1,3.68,0.00,0.00,0.00,999.00,18.96,1013.80,20.90,0.01
2026-06-07T20:09:21,1,3.69,0.00,0.00,0.00,999.00,18.96,1013.90,20.90,0.01
2026-06-07T20:09:21,1,3.71,0.00,0.00,0.00,999.00,18.95,1013.60,20.90,0.01
2026-06-07T20:09:21,1,3.71,0.00,0.00,0.00,999.00,18.95,1013.70,20.90,0.01
2026-06-07T20:09:22,1,3.70,0.00,0.00,0.00,999.00,18.95,1014.10,20.89,0.01
2026-06-07T20:09:22,1,3.70,0.00,0.00,0.00,999.00,18.94,1013.70,20.90,0.01
2026-06-07T20:09:22,1,3.70,0.00,0.00,0.00,999.00,18.94,1014.20,20.89,0.01
2026-06-07T20:09:22,1,3.71,0.00,0.00,0.00,999.00,18.93,1014.00,20.89,0.01
2026-06-07T20:09:22,1,3.71,0.00,0.00,0.00,999.00,18.93,1014.10,20.89,0.01
2026-06-07T20:09:23,1,3.69,0.00,0.00,0.00,999.00,18.93,1013.90,20.87,0.01
2026-06-07T20:09:23,1,3.70,0.00,0.00,0.00,999.00,18.93,1014.50,20.88,0.01
2026-06-07T20:09:23,1,3.68,0.00,0.00,0.00,999.00,18.93,1014.30,20.88,0.01
2026-06-07T20:09:23,1,3.69,0.00,0.00,0.00,999.00,18.93,1013.70,20.88,0.01
2026-06-07T20:09:24,1,3.71,0.00,0.00,0.00,999.00,18.93,1014.00,20.88,0.01
2026-06-07T20:09:24,1,3.70,0.00,0.00,0.00,999.00,18.93,1013.60,20.88,0.01
2026-06-07T20:09:24,1,3.66,0.00,0.00,0.00,999.00,18.93,1014.40,20.88,0.01
2026-06-07T20:09:24,1,3.66,0.00,0.00,0.00,999.00,18.93,1014.00,20.88,0.01
2026-06-07T20:09:24,1,3.70,0.00,0.00,0.00,999.00,18.93,1013.90,20.88,0.01
2026-06-07T20:09:25,1,3.67,0.00,0.00,0.00,999.00,18.93,1014.00,20.88,0.01
2026-06-07T20:09:25,1,3.70,0.00,0.00,0.00,999.00,18.93,1014.50,20.87,0.01
2026-06-07T20:09:25,1,3.70,0.00,0.00,0.00,999.00,18.93,1014.10,20.88,0.01
2026-06-07T20:09:25,1,3.70,0.00,0.00,0.00,999.00,18.93,1013.90,20.88,0.01
2026-06-07T20:09:25,1,3.71,0.00,0.00,0.00,999.00,18.93,1014.20,20.88,0.01
2026-06-07T20:09:26,1,3.70,0.00,0.00,0.00,999.00,18.93,1014.30,20.88,0.01
2026-06-07T20:09:26,1,3.70,0.00,0.00,0.00,999.00,18.93,1014.30,20.88,0.01
2026-06-07T20:09:26,1,3.68,0.00,0.00,0.00,999.00,18.93,1014.10,20.87,0.01
2026-06-07T20:09:26,1,3.70,0.00,0.00,0.00,999.00,18.92,1013.90,20.87,0.01
2026-06-07T20:09:26,1,3.70,0.00,0.00,0.00,999.00,18.92,1014.40,20.87,0.01
2026-06-07T20:09:27,1,3.68,0.00,0.00,0.00,999.00,18.92,1014.40,20.88,0.01
2026-06-07T20:09:27,1,3.69,0.00,0.00,0.00,999.00,18.94,1019.50,20.88,0.06
2026-06-07T20:09:27,1,3.69,0.00,0.00,0.00,999.00,18.99,1024.90,20.87,0.12
2026-06-07T20:09:27,1,3.70,20270.00,12.10,9733.00,999.00,19.03,1033.00,20.86,0.20
2026-06-07T20:09:27,1,3.69,20270.00,12.10,9733.00,999.00,19.06,1033.60,20.86,0.20
2026-06-07T20:09:28,1,3.68,20270.00,12.10,9733.00,999.00,19.10,1028.80,20.86,0.16
2026-06-07T20:09:28,1,3.65,20270.00,12.10,9733.00,999.00,19.13,1023.30,20.85,0.10
2026-06-07T20:09:28,1,3.70,20270.00,12.10,9733.00,999.00,19.14,1017.00,20.85,0.04
2026-06-07T20:09:28,1,3.68,24920.00,15.15,11964.00,999.00,19.17,1014.30,20.84,0.01
2026-06-07T20:09:28,1,3.69,24920.00,15.15,11964.00,999.00,19.19,1013.90,20.83,0.01
2026-06-07T20:09:29,1,3.65,24920.00,15.15,11964.00,999.00,19.20,1013.90,20.82,0.01
2026-06-07T20:09:29,1,3.67,24920.00,15.15,11964.00,999.00,19.20,1014.00,20.80,0.01
2026-06-07T20:09:29,1,3.69,27750.00,17.05,13323.00,999.00,19.21,1017.00,20.78,0.04
2026-06-07T20:09:29,1,3.68,27750.00,17.05,13323.00,999.00,19.20,1023.00,20.77,0.10
2026-06-07T20:09:30,1,3.69,27750.00,17.05,13323.00,999.00,19.21,1024.80,20.75,0.12
2026-06-07T20:09:30,1,3.67,27750.00,17.05,13323.00,999.00,19.22,1024.20,20.74,0.11
2026-06-07T20:09:30,1,3.66,27750.00,17.05,13323.00,999.00,19.22,1024.90,20.72,0.12
2026-06-07T20:09:30,1,3.71,28700.00,17.69,13778.00,999.00,19.24,1024.80,20.71,0.12
2026-06-07T20:09:30,1,3.68,28700.00,17.69,13778.00,999.00,19.25,1024.60,20.68,0.11
2026-06-07T20:09:31,1,3.71,28700.00,17.69,13778.00,999.00,19.25,1025.10,20.67,0.12
2026-06-07T20:09:31,1,3.67,28700.00,17.69,13778.00,999.00,19.25,1025.80,20.64,0.13
2026-06-07T20:09:31,1,3.67,28700.00,17.69,13778.00,999.00,19.26,1026.30,20.63,0.13
2026-06-07T20:09:31,1,3.70,28800.00,17.76,13824.00,999.00,19.27,1025.70,20.60,0.13
2026-06-07T20:09:31,1,3.70,28800.00,17.76,13824.00,999.00,19.27,1026.50,20.57,0.13
2026-06-07T20:09:32,1,3.68,28800.00,17.76,13824.00,999.00,19.27,1029.40,20.55,0.16
2026-06-07T20:09:32,1,3.66,28800.00,17.76,13824.00,999.00,19.28,1033.20,20.53,0.20
2026-06-07T20:09:32,1,3.68,28860.00,17.80,13854.00,999.00,19.27,1039.00,20.51,0.26
2026-06-07T20:09:32,1,3.71,28860.00,17.80,13854.00,999.00,19.28,1041.30,20.49,0.28
2026-06-07T20:09:32,1,3.70,28860.00,17.80,13854.00,999.00,19.28,1044.20,20.47,0.31
2026-06-07T20:09:33,1,3.67,28860.00,17.80,13854.00,999.00,19.28,1043.30,20.45,0.30
2026-06-07T20:09:33,1,3.68,28860.00,17.80,13854.00,999.00,19.29,1043.00,20.43,0.30
2026-06-07T20:09:33,1,3.68,28890.00,17.82,13871.00,999.00,19.30,1043.20,20.42,0.30
2026-06-07T20:09:33,1,3.72,28890.00,17.82,13871.00,999.00,19.30,1043.90,20.39,0.31
2026-06-07T20:09:33,1,3.70,28890.00,17.82,13871.00,999.00,19.31,1043.60,20.37,0.30
2026-06-07T20:09:34,1,3.67,28890.00,17.82,13871.00,999.00,19.32,1044.00,20.36,0.31
2026-06-07T20:09:34,1,3.68,28890.00,17.82,13871.00,999.00,19.32,1043.40,20.34,0.30
2026-06-07T20:09:34,1,3.68,28940.00,17.86,13894.00,999.00,19.32,1042.30,20.32,0.29
2026-06-07T20:09:34,1,3.70,28940.00,17.86,13894.00,999.00,19.32,1042.50,20.30,0.29
2026-06-07T20:09:35,1,3.71,28940.00,17.86,13894.00,999.00,19.33,1042.90,20.28,0.30
2026-06-07T20:09:35,1,3.68,28940.00,17.86,13894.00,999.00,19.34,1043.80,20.27,0.31
2026-06-07T20:09:35,1,3.68,28940.00,17.86,13894.00,999.00,19.34,1044.00,20.25,0.31
2026-06-07T20:09:35,1,3.69,28940.00,17.86,13895.00,999.00,19.34,1041.70,20.23,0.28
2026-06-07T20:09:35,1,3.71,28940.00,17.86,13895.00,999.00,19.34,1038.30,20.22,0.25
2026-06-07T20:09:36,1,3.68,28940.00,17.86,13895.00,999.00,19.34,1033.40,20.20,0.20
2026-06-07T20:09:36,1,3.66,28940.00,17.86,13895.00,999.00,19.35,1028.60,20.17,0.15
2026-06-07T20:09:36,1,3.69,28950.00,17.86,13900.00,999.00,19.34,1028.00,20.17,0.15
2026-06-07T20:09:36,1,3.68,28950.00,17.86,13900.00,999.00,19.35,1027.90,20.15,0.15
2026-06-07T20:09:36,1,3.69,28950.00,17.86,13900.00,999.00,19.35,1027.80,20.14,0.15
2026-06-07T20:09:37,1,3.68,28950.00,17.86,13900.00,999.00,19.35,1026.60,20.12,0.13
2026-06-07T20:09:37,1,3.66,28950.00,17.86,13900.00,999.00,19.34,1026.00,20.11,0.13
2026-06-07T20:09:37,1,3.69,28960.00,17.87,13903.00,999.00,19.34,1024.80,20.09,0.12
2026-06-07T20:09:37,1,3.70,28960.00,17.87,13903.00,999.00,19.35,1023.30,20.08,0.10
2026-06-07T20:09:37,1,3.70,28960.00,17.87,13903.00,999.00,19.35,1022.00,20.07,0.09
2026-06-07T20:09:38,1,3.68,28960.00,17.87,13903.00,999.00,19.34,1020.60,20.05,0.08
2026-06-07T20:09:38,1,3.68,28960.00,17.87,13903.00,999.00,19.35,1017.90,20.04,0.05
2026-06-07T20:09:38,1,3.68,28960.00,17.87,13905.00,999.00,19.34,1017.40,20.03,0.04
2026-06-07T20:09:38,1,3.71,28960.00,17.87,13905.00,999.00,19.34,1018.20,20.01,0.05
2026-06-07T20:09:38,1,3.70,28960.00,17.87,13905.00,999.00,19.34,1019.00,20.00,0.06
2026-06-07T20:09:39,1,3.69,28960.00,17.87,13905.00,999.00,19.34,1019.20,20.00,0.06
2026-06-07T20:09:39,1,3.66,28960.00,17.87,13905.00,999.00,19.34,1018.60,19.99,0.06
2026-06-07T20:09:39,1,3.68,28970.00,17.87,13906.00,999.00,19.33,1017.20,19.98,0.04
2026-06-07T20:09:39,1,3.68,28970.00,17.87,13906.00,999.00,19.33,1017.50,19.97,0.04
2026-06-07T20:09:40,1,3.71,28970.00,17.87,13906.00,999.00,19.33,1017.30,19.95,0.04
2026-06-07T20:09:40,1,3.67,28970.00,17.87,13906.00,999.00,19.32,1017.10,19.94,0.04
2026-06-07T20:09:40,1,3.66,28940.00,17.86,13896.00,999.00,19.33,1016.80,19.93,0.04
2026-06-07T20:09:40,1,3.70,28940.00,17.86,13896.00,999.00,19.33,1017.40,19.92,0.04
2026-06-07T20:09:40,1,3.71,28940.00,17.86,13896.00,999.00,19.32,1017.30,19.91,0.04
2026-06-07T20:09:41,1,3.68,28940.00,17.86,13896.00,999.00,19.32,1016.30,19.90,0.03
2026-06-07T20:09:41,1,3.70,28940.00,17.86,13896.00,999.00,19.31,1013.40,19.89,0.00
2026-06-07T20:09:41,1,3.69,28270.00,17.40,13572.00,999.00,19.30,1013.60,19.88,0.01
2026-06-07T20:09:41,1,3.68,28270.00,17.40,13572.00,999.00,19.29,1013.30,19.87,0.00
2026-06-07T20:09:41,1,3.71,28270.00,17.40,13572.00,999.00,19.28,1013.20,19.85,0.00
2026-06-07T20:09:42,1,3.68,28270.00,17.40,13572.00,999.00,19.28,1013.40,19.85,0.00
2026-06-07T20:09:42,1,3.68,28270.00,17.40,13572.00,999.00,19.27,1013.70,19.84,0.01
2026-06-07T20:09:42,1,3.70,27450.00,16.85,13177.00,999.00,19.26,1013.40,19.83,0.00
2026-06-07T20:09:42,1,3.66,27450.00,16.85,13177.00,999.00,19.25,1013.70,19.82,0.01
2026-06-07T20:09:42,1,3.71,27450.00,16.85,13177.00,999.00,19.24,1013.70,19.81,0.01
2026-06-07T20:09:43,1,3.68,27450.00,16.85,13177.00,999.00,19.22,1013.40,19.80,0.00
2026-06-07T20:09:43,1,3.66,27450.00,16.85,13177.00,999.00,19.20,1013.60,19.79,0.01
2026-06-07T20:09:43,1,3.68,27460.00,16.86,13185.00,999.00,19.18,1013.40,19.78,0.00
2026-06-07T20:09:43,1,3.68,27460.00,16.86,13185.00,999.00,19.15,1013.20,19.77,0.00
2026-06-07T20:09:43,1,3.68,27460.00,16.86,13185.00,999.00,19.13,1013.50,19.76,0.00
2026-06-07T20:09:44,1,3.69,27460.00,16.86,13185.00,999.00,19.07,1013.70,19.76,0.01
2026-06-07T20:09:44,1,3.68,27430.00,16.84,13170.00,999.00,18.96,1013.20,19.74,0.00
2026-06-07T20:09:44,1,3.69,27430.00,16.84,13170.00,999.00,18.86,1013.40,19.74,0.00
2026-06-07T20:09:44,1,3.69,27430.00,16.84,13170.00,999.00,18.78,1013.50,19.73,0.00
2026-06-07T20:09:45,1,3.66,27430.00,16.84,13170.00,999.00,18.69,1013.50,19.72,0.00
2026-06-07T20:09:45,1,3.68,27430.00,16.84,13170.00,999.00,18.62,1013.60,19.72,0.01
2026-06-07T20:09:45,1,3.70,27440.00,16.84,13176.00,999.00,18.58,1013.80,19.71,0.01
2026-06-07T20:09:45,1,3.70,27440.00,16.84,13176.00,999.00,18.54,1013.60,19.70,0.01
2026-06-07T20:09:45,1,3.68,27440.00,16.84,13176.00,999.00,18.51,1013.40,19.70,0.00
2026-06-07T20:09:46,1,3.66,27440.00,16.84,13176.00,999.00,18.48,1013.30,19.69,0.00
2026-06-07T20:09:46,1,3.69,27440.00,16.84,13176.00,999.00,18.44,1013.90,19.68,0.01
2026-06-07T20:09:46,1,3.71,25860.00,15.78,12414.00,999.00,18.38,1013.40,19.68,0.00
2026-06-07T20:09:46,1,3.68,25860.00,15.78,12414.00,999.00,18.33,1020.40,19.67,0.07
2026-06-07T20:09:46,1,3.70,25860.00,15.78,12414.00,999.00,18.44,1027.60,19.66,0.14
2026-06-07T20:09:47,1,3.65,25860.00,15.78,12414.00,999.00,18.57,1029.40,19.66,0.16
2026-06-07T20:09:47,1,3.69,25860.00,15.78,12414.00,999.00,18.67,1029.90,19.65,0.17
2026-06-07T20:09:47,1,3.71,28960.00,17.87,13903.00,999.00,18.76,1030.40,19.65,0.17
2026-06-07T20:09:47,1,3.71,28960.00,17.87,13903.00,999.00,18.84,1031.90,19.64,0.19
2026-06-07T20:09:47,1,3.68,28960.00,17.87,13903.00,999.00,18.89,1032.20,19.64,0.19
2026-06-07T20:09:48,1,3.67,28960.00,17.87,13903.00,999.00,18.94,1032.10,19.63,0.19
2026-06-07T20:09:48,1,3.68,28960.00,17.87,13903.00,999.00,18.99,1031.60,19.62,0.18
2026-06-07T20:09:48,1,3.71,28960.00,17.87,13902.00,999.00,19.03,1031.40,19.62,0.18
2026-06-07T20:09:48,1,3.68,28960.00,17.87,13902.00,999.00,19.06,1031.70,19.61,0.19
2026-06-07T20:09:48,1,3.68,28960.00,17.87,13902.00,999.00,19.09,1032.80,19.61,0.20
2026-06-07T20:09:49,1,3.67,28960.00,17.87,13902.00,999.00,19.12,1032.80,19.59,0.20
2026-06-07T20:09:49,1,3.69,28970.00,17.88,13909.00,999.00,19.13,1032.40,19.59,0.19
2026-06-07T20:09:49,1,3.70,28970.00,17.88,13909.00,999.00,19.16,1031.50,19.58,0.18
2026-06-07T20:09:49,1,3.70,28970.00,17.88,13909.00,999.00,19.18,1031.50,19.58,0.18
2026-06-07T20:09:50,1,3.68,28970.00,17.88,13909.00,999.00,19.20,1031.60,19.57,0.18
2026-06-07T20:09:50,1,3.68,28970.00,17.88,13909.00,999.00,19.20,1033.10,19.57,0.20
2026-06-07T20:09:50,1,3.67,28980.00,17.88,13913.00,999.00,19.21,1033.20,19.57,0.20
2026-06-07T20:09:50,1,3.71,28980.00,17.88,13913.00,999.00,19.23,1032.80,19.56,0.20
2026-06-07T20:09:50,1,3.70,28980.00,17.88,13913.00,999.00,19.23,1032.00,19.56,0.19
2026-06-07T20:09:51,1,3.68,28980.00,17.88,13913.00,999.00,19.24,1031.20,19.55,0.18
2026-06-07T20:09:51,1,3.67,28980.00,17.88,13913.00,999.00,19.25,1031.80,19.55,0.19
2026-06-07T20:09:51,1,3.67,28970.00,17.87,13906.00,999.00,19.26,1033.00,19.54,0.20
2026-06-07T20:09:51,1,3.70,28970.00,17.87,13906.00,999.00,19.27,1033.50,19.54,0.20
2026-06-07T20:09:51,1,3.69,28970.00,17.87,13906.00,999.00,19.27,1032.60,19.54,0.19
2026-06-07T20:09:52,1,3.67,28970.00,17.87,13906.00,999.00,19.27,1032.30,19.53,0.19
2026-06-07T20:09:52,1,3.66,28980.00,17.88,13913.00,999.00,19.27,1033.50,19.53,0.20
2026-06-07T20:09:52,1,3.70,28980.00,17.88,13913.00,999.00,19.28,1034.90,19.52,0.22
2026-06-07T20:09:52,1,3.71,28980.00,17.88,13913.00,999.00,19.27,1035.90,19.52,0.23
2026-06-07T20:09:52,1,3.69,28980.00,17.88,13913.00,999.00,19.28,1036.80,19.52,0.24
2026-06-07T20:09:53,1,3.68,28980.00,17.88,13913.00,999.00,19.28,1037.10,19.52,0.24
2026-06-07T20:09:53,1,3.70,29000.00,17.90,13925.00,999.00,19.28,1036.60,19.51,0.23
2026-06-07T20:09:53,1,3.70,29000.00,17.90,13925.00,999.00,19.29,1035.60,19.51,0.22
2026-06-07T20:09:53,1,3.70,29000.00,17.90,13925.00,999.00,19.29,1034.70,19.50,0.22
2026-06-07T20:09:53,1,3.68,29000.00,17.90,13925.00,999.00,19.29,1034.50,19.50,0.21
2026-06-07T20:09:54,1,3.67,29000.00,17.90,13925.00,999.00,19.30,1035.00,19.50,0.22
2026-06-07T20:09:54,1,3.70,28990.00,17.89,13919.00,999.00,19.30,1036.30,19.49,0.23
2026-06-07T20:09:54,1,3.70,28990.00,17.89,13919.00,999.00,19.30,1037.90,19.49,0.25
2026-06-07T20:09:54,1,3.70,28990.00,17.89,13919.00,999.00,19.30,1038.90,19.49,0.26
2026-06-07T20:09:54,1,3.66,28990.00,17.89,13919.00,999.00,19.30,1040.40,19.48,0.27
2026-06-07T20:09:55,1,3.68,28990.00,17.89,13919.00,999.00,19.30,1042.20,19.48,0.29
2026-06-07T20:09:55,1,3.70,29000.00,17.90,13925.00,999.00,19.31,1044.30,19.48,0.31
2026-06-07T20:09:55,1,3.70,29000.00,17.90,13925.00,999.00,19.30,1046.00,19.48,0.33
2026-06-07T20:09:55,1,3.71,29000.00,17.90,13925.00,999.00,19.31,1047.20,19.47,0.34
2026-06-07T20:09:55,1,3.66,29000.00,17.90,13925.00,999.00,19.31,1048.40,19.47,0.35
2026-06-07T20:09:56,1,3.66,29000.00,17.90,13925.00,999.00,19.31,1049.60,19.46,0.36
2026-06-07T20:09:56,1,3.68,29020.00,17.91,13933.00,999.00,19.30,1051.60,19.46,0.38
2026-06-07T20:09:56,1,3.68,29020.00,17.91,13933.00,999.00,19.31,1053.70,19.46,0.40
2026-06-07T20:09:56,1,3.68,29020.00,17.91,13933.00,999.00,19.31,1054.10,19.45,0.41
2026-06-07T20:09:57,1,3.68,29020.00,17.91,13933.00,999.00,19.31,1056.50,19.44,0.43
2026-06-07T20:09:57,1,3.70,29040.00,17.92,13939.00,999.00,19.31,1057.90,19.45,0.44
2026-06-07T20:09:57,1,3.68,29040.00,17.92,13939.00,999.00,19.31,1058.80,19.45,0.45
2026-06-07T20:09:57,1,3.68,29040.00,17.92,13939.00,999.00,19.31,1060.00,19.44,0.47
2026-06-07T20:09:57,1,3.68,29040.00,17.92,13939.00,999.00,19.31,1062.00,19.44,0.49
2026-06-07T20:09:58,1,3.68,29040.00,17.92,13939.00,999.00,19.31,1063.30,19.44,0.50
2026-06-07T20:09:58,1,3.70,29000.00,17.89,13921.00,999.00,19.31,1064.20,19.44,0.51
2026-06-07T20:09:58,1,3.68,29000.00,17.89,13921.00,999.00,19.32,1065.10,19.44,0.52
2026-06-07T20:09:58,1,3.68,29000.00,17.89,13921.00,999.00,19.32,1067.20,19.43,0.54
2026-06-07T20:09:58,1,3.66,29000.00,17.89,13921.00,999.00,19.32,1068.90,19.43,0.55
2026-06-07T20:09:59,1,3.67,29000.00,17.89,13921.00,999.00,19.32,1071.40,19.43,0.58
2026-06-07T20:09:59,1,3.69,28990.00,17.89,13920.00,999.00,19.31,1074.40,19.43,0.61
2026-06-07T20:09:59,1,3.69,28990.00,17.89,13920.00,999.00,19.32,1077.60,19.42,0.64
2026-06-07T20:09:59,1,3.67,28990.00,17.89,13920.00,999.00,19.31,1080.00,19.42,0.66
2026-06-07T20:09:59,1,3.70,28990.00,17.89,13920.00,999.00,19.31,1082.60,19.42,0.69
2026-06-07T20:10:00,1,3.68,29040.00,17.92,13941.00,999.00,19.31,1083.80,19.42,0.70
2026-06-07T20:10:00,1,3.69,29040.00,17.92,13941.00,999.00,19.32,1084.00,19.42,0.70
2026-06-07T20:10:00,1,3.70,29040.00,17.92,13941.00,999.00,19.32,1084.10,19.42,0.70
2026-06-07T20:10:00,1,3.68,29040.00,17.92,13941.00,999.00,19.32,1084.70,19.41,0.71
2026-06-07T20:10:00,1,3.70,29040.00,17.92,13941.00,999.00,19.32,1087.50,19.42,0.74
2026-06-07T20:10:01,1,3.71,29030.00,17.92,13938.00,999.00,19.32,1089.70,19.41,0.76
2026-06-07T20:10:01,1,3.71,29030.00,17.92,13938.00,999.00,19.33,1092.20,19.41,0.78
2026-06-07T20:10:01,1,3.68,29030.00,17.92,13938.00,999.00,19.33,1092.70,19.41,0.79
2026-06-07T20:10:01,1,3.64,29030.00,17.92,13938.00,999.00,19.33,1093.70,19.41,0.80
2026-06-07T20:10:02,1,3.68,29030.00,17.92,13938.00,999.00,19.33,1093.50,19.41,0.80
2026-06-07T20:10:02,1,3.71,29030.00,17.92,13939.00,999.00,19.33,1094.00,19.39,0.80
2026-06-07T20:10:02,1,3.68,29030.00,17.92,13939.00,999.00,19.33,1095.80,19.40,0.82
2026-06-07T20:10:02,1,3.70,29030.00,17.92,13939.00,999.00,19.34,1099.10,19.40,0.85
2026-06-07T20:10:02,1,3.66,29030.00,17.92,13939.00,999.00,19.34,1103.30,19.40,0.89
2026-06-07T20:10:03,1,3.68,29030.00,17.92,13939.00,999.00,19.34,1107.90,19.39,0.94
2026-06-07T20:10:03,1,3.70,29030.00,17.91,13935.00,999.00,19.34,1111.60,19.40,0.98
2026-06-07T20:10:03,1,3.70,29030.00,17.91,13935.00,999.00,19.34,1113.00,19.39,0.99
2026-06-07T20:10:03,1,3.67,29030.00,17.91,13935.00,999.00,19.34,1113.40,19.39,0.99
2026-06-07T20:10:03,1,3.68,29030.00,17.91,13935.00,999.00,19.34,1113.70,19.39,1.00
2026-06-07T20:10:04,1,3.66,29050.00,17.93,13946.00,999.00,19.34,1114.40,19.39,1.00
2026-06-07T20:10:04,1,3.71,29050.00,17.93,13946.00,999.00,19.34,1115.50,19.39,1.02
2026-06-07T20:10:04,1,3.70,29050.00,17.93,13946.00,999.00,19.34,1115.60,19.38,1.02
2026-06-07T20:10:04,1,3.68,29050.00,17.93,13946.00,999.00,19.34,1117.00,19.38,1.03
2026-06-07T20:10:04,1,3.66,29050.00,17.93,13946.00,999.00,19.34,1117.50,19.38,1.04
2026-06-07T20:10:05,1,3.67,29040.00,17.92,13942.00,999.00,19.34,1118.60,19.38,1.05
2026-06-07T20:10:05,1,3.70,29040.00,17.92,13942.00,999.00,19.34,1119.50,19.38,1.06
2026-06-07T20:10:05,1,3.70,29040.00,17.92,13942.00,999.00,19.34,1120.20,19.38,1.06
2026-06-07T20:10:05,1,3.66,29040.00,17.92,13942.00,999.00,19.34,1120.90,19.38,1.07
2026-06-07T20:10:05,1,3.67,29040.00,17.92,13942.00,999.00,19.34,1121.20,19.38,1.07
2026-06-07T20:10:06,1,3.69,29060.00,17.94,13951.00,999.00,19.34,1121.60,19.37,1.08
2026-06-07T20:10:06,1,3.71,29060.00,17.94,13951.00,999.00,19.34,1121.70,19.37,1.08
2026-06-07T20:10:06,1,3.68,29060.00,17.94,13951.00,999.00,19.34,1122.40,19.37,1.08
2026-06-07T20:10:06,1,3.67,29060.00,17.94,13951.00,999.00,19.34,1123.70,19.37,1.10
2026-06-07T20:10:07,1,3.68,29060.00,17.94,13951.00,999.00,19.34,1124.40,19.37,1.10
2026-06-07T20:10:07,1,3.68,29100.00,17.96,13971.00,999.00,19.34,1126.00,19.37,1.12
2026-06-07T20:10:07,1,3.71,29100.00,17.96,13971.00,999.00,19.34,1128.10,19.37,1.14
2026-06-07T20:10:07,1,3.68,29100.00,17.96,13971.00,999.00,19.35,1129.50,19.37,1.15
2026-06-07T20:10:07,1,3.67,29100.00,17.96,13971.00,999.00,19.35,1131.90,19.37,1.18
2026-06-07T20:10:08,1,3.66,29130.00,17.98,13984.00,999.00,19.36,1134.30,19.37,1.20
2026-06-07T20:10:08,1,3.69,29130.00,17.98,13984.00,999.00,19.36,1137.20,19.37,1.23
2026-06-07T20:10:08,1,3.71,29130.00,17.98,13984.00,999.00,19.36,1138.50,19.36,1.24
2026-06-07T20:10:08,1,3.68,29130.00,17.98,13984.00,999.00,19.36,1141.00,19.37,1.27
2026-06-07T20:10:08,1,3.66,29130.00,17.98,13984.00,999.00,19.36,1142.50,19.36,1.28
2026-06-07T20:10:09,1,3.68,29160.00,18.01,14001.00,999.00,19.36,1144.10,19.36,1.30
2026-06-07T20:10:09,1,3.68,29160.00,18.01,14001.00,999.00,19.36,1145.60,19.36,1.31
2026-06-07T20:10:09,1,3.71,29160.00,18.01,14001.00,999.00,19.37,1148.00,19.35,1.34
2026-06-07T20:10:09,1,3.68,29160.00,18.01,14001.00,999.00,19.37,1149.30,19.36,1.35
2026-06-07T20:10:09,1,3.68,29160.00,18.01,14001.00,999.00,19.37,1150.80,19.36,1.37
2026-06-07T20:10:10,1,3.70,29170.00,18.01,14004.00,999.00,19.37,1152.00,19.36,1.38
2026-06-07T20:10:10,1,3.69,29170.00,18.01,14004.00,999.00,19.37,1152.50,19.36,1.38
2026-06-07T20:10:10,1,3.70,29170.00,18.01,14004.00,999.00,19.37,1153.00,19.36,1.39
2026-06-07T20:10:10,1,3.68,29170.00,18.01,14004.00,999.00,19.38,1153.60,19.36,1.39
2026-06-07T20:10:10,1,3.66,29170.00,18.01,14004.00,999.00,19.38,1153.60,19.36,1.39
2026-06-07T20:10:11,1,3.71,29190.00,18.02,14013.00,999.00,19.38,1154.60,19.36,1.40
2026-06-07T20:10:11,1,3.68,29190.00,18.02,14013.00,999.00,19.38,1154.70,19.36,1.40
2026-06-07T20:10:11,1,3.69,29190.00,18.02,14013.00,999.00,19.38,1154.70,19.35,1.40
2026-06-07T20:10:11,1,3.69,29190.00,18.02,14013.00,999.00,19.38,1154.30,19.35,1.40
2026-06-07T20:10:12,1,3.68,29210.00,18.04,14025.00,999.00,19.38,1155.20,19.35,1.41
2026-06-07T20:10:12,1,3.68,29210.00,18.04,14025.00,999.00,19.38,1156.10,19.35,1.42
2026-06-07T20:10:12,1,3.69,29210.00,18.04,14025.00,999.00,19.39,1157.20,19.36,1.43
2026-06-07T20:10:12,1,3.68,29210.00,18.04,14025.00,999.00,19.38,1158.70,19.35,1.44
2026-06-07T20:10:12,1,3.69,29210.00,18.04,14025.00,999.00,19.39,1159.70,19.36,1.45
2026-06-07T20:10:13,1,3.70,29210.00,18.04,14024.00,999.00,19.39,1160.70,19.35,1.46
2026-06-07T20:10:13,1,3.70,29210.00,18.04,14024.00,999.00,19.38,1163.00,19.35,1.49
2026-06-07T20:10:13,1,3.69,29210.00,18.04,14024.00,999.00,19.38,1164.10,19.35,1.50
2026-06-07T20:10:13,1,3.65,29210.00,18.04,14024.00,999.00,19.39,1165.50,19.35,1.51
2026-06-07T20:10:13,1,3.68,29210.00,18.04,14024.00,999.00,19.38,1167.30,19.35,1.53
2026-06-07T20:10:14,1,3.70,29210.00,18.04,14026.00,999.00,19.39,1168.40,19.35,1.54
2026-06-07T20:10:14,1,3.68,29210.00,18.04,14026.00,999.00,19.39,1170.40,19.35,1.56
2026-06-07T20:10:14,1,3.68,29210.00,18.04,14026.00,999.00,19.39,1171.90,19.35,1.57
2026-06-07T20:10:14,1,3.67,29210.00,18.04,14026.00,999.00,19.39,1174.50,19.35,1.60
2026-06-07T20:10:14,1,3.69,29210.00,18.04,14026.00,999.00,19.39,1176.30,19.35,1.62
2026-06-07T20:10:15,1,3.70,29250.00,18.06,14041.00,999.00,19.39,1178.90,19.35,1.64
2026-06-07T20:10:15,1,3.70,29250.00,18.06,14041.00,999.00,19.39,1182.80,19.34,1.68
2026-06-07T20:10:15,1,3.66,29250.00,18.06,14041.00,999.00,19.39,1184.90,19.34,1.70
2026-06-07T20:10:15,1,3.66,29250.00,18.06,14041.00,999.00,19.39,1187.40,19.35,1.73
2026-06-07T20:10:15,1,3.69,29250.00,18.07,14044.00,999.00,19.39,1188.20,19.35,1.74
2026-06-07T20:10:16,1,3.70,29250.00,18.07,14044.00,999.00,19.39,1191.00,19.35,1.76
2026-06-07T20:10:16,1,3.70,29250.00,18.07,14044.00,999.00,19.39,1192.30,19.35,1.78
2026-06-07T20:10:16,1,3.68,29250.00,18.07,14044.00,999.00,19.39,1192.50,19.35,1.78
2026-06-07T20:10:16,1,3.69,29250.00,18.07,14044.00,999.00,19.39,1193.00,19.35,1.78
2026-06-07T20:10:17,1,3.68,29260.00,18.07,14046.00,999.00,19.39,1194.40,19.35,1.80
2026-06-07T20:10:17,1,3.70,29260.00,18.07,14046.00,999.00,19.39,1195.00,19.35,1.80
2026-06-07T20:10:17,1,3.70,29260.00,18.07,14046.00,999.00,19.39,1196.50,19.35,1.82
2026-06-07T20:10:17,1,3.67,29260.00,18.07,14046.00,999.00,19.39,1197.20,19.35,1.83
2026-06-07T20:10:17,1,3.68,29260.00,18.07,14046.00,999.00,19.39,1197.10,19.35,1.82
2026-06-07T20:10:18,1,3.70,29260.00,18.07,14047.00,999.00,19.39,1198.10,19.35,1.83
2026-06-07T20:10:18,1,3.69,29260.00,18.07,14047.00,999.00,19.40,1199.00,19.35,1.84
2026-06-07T20:10:18,1,3.69,29260.00,18.07,14047.00,999.00,19.39,1200.30,19.34,1.86
2026-06-07T20:10:18,1,3.67,29260.00,18.07,14047.00,999.00,19.39,1201.00,19.34,1.86
2026-06-07T20:10:18,1,3.66,29260.00,18.07,14047.00,999.00,19.39,1202.30,19.35,1.88
2026-06-07T20:10:19,1,3.71,29290.00,18.09,14061.00,999.00,19.39,1204.00,19.34,1.89
2026-06-07T20:10:19,1,3.68,29290.00,18.09,14061.00,999.00,19.39,1205.40,19.34,1.91
2026-06-07T20:10:19,1,3.71,29290.00,18.09,14061.00,999.00,19.39,1206.50,19.34,1.92
2026-06-07T20:10:19,1,3.68,29290.00,18.09,14061.00,999.00,19.39,1206.60,19.34,1.92
2026-06-07T20:10:19,1,3.68,29290.00,18.10,14064.00,999.00,19.40,1206.50,19.34,1.92
2026-06-07T20:10:20,1,3.71,29290.00,18.10,14064.00,999.00,19.39,1207.00,19.34,1.92
2026-06-07T20:10:20,1,3.70,29290.00,18.10,14064.00,999.00,19.39,1208.50,19.34,1.94
2026-06-07T20:10:20,1,3.69,29290.00,18.10,14064.00,999.00,19.39,1209.90,19.34,1.95
2026-06-07T20:10:20,1,3.70,29290.00,18.10,14064.00,999.00,19.39,1210.90,19.34,1.96
2026-06-07T20:10:20,1,3.70,29310.00,18.10,14069.00,999.00,19.39,1211.00,19.34,1.96
2026-06-07T20:10:21,1,3.71,29310.00,18.10,14069.00,999.00,19.40,1211.00,19.34,1.96
2026-06-07T20:10:21,1,3.70,29310.00,18.10,14069.00,999.00,19.40,1211.70,19.34,1.97
2026-06-07T20:10:21,1,3.68,29310.00,18.10,14069.00,999.00,19.40,1212.60,19.34,1.98
2026-06-07T20:10:21,1,3.67,29310.00,18.10,14069.00,999.00,19.39,1212.90,19.34,1.98
2026-06-07T20:10:21,1,3.70,29310.00,18.11,14071.00,999.00,19.39,1213.00,19.34,1.98
2026-06-07T20:10:22,1,3.69,29310.00,18.11,14071.00,999.00,19.40,1214.10,19.33,1.99
2026-06-07T20:10:22,1,3.70,29310.00,18.11,14071.00,999.00,19.39,1214.40,19.33,2.00
2026-06-07T20:10:22,1,3.66,29310.00,18.11,14071.00,999.00,19.40,1214.20,19.34,1.99
2026-06-07T20:10:22,1,3.69,29310.00,18.11,14071.00,999.00,19.39,1214.90,19.34,2.00
2026-06-07T20:10:23,1,3.69,29320.00,18.11,14075.00,999.00,19.40,1215.60,19.34,2.01
2026-06-07T20:10:23,1,3.68,29320.00,18.11,14075.00,999.00,19.39,1216.30,19.34,2.01
2026-06-07T20:10:23,1,3.68,29320.00,18.11,14075.00,999.00,19.40,1216.90,19.34,2.02
2026-06-07T20:10:23,1,3.66,29320.00,18.11,14075.00,999.00,19.40,1217.10,19.34,2.02
2026-06-07T20:10:23,1,3.66,29320.00,18.11,14076.00,999.00,19.40,1217.30,19.34,2.02
2026-06-07T20:10:24,1,3.68,29320.00,18.11,14076.00,999.00,19.40,1217.70,19.33,2.03
2026-06-07T20:10:24,1,3.70,29320.00,18.11,14076.00,999.00,19.39,1219.00,19.33,2.04
2026-06-07T20:10:24,1,3.68,29320.00,18.11,14076.00,999.00,19.39,1219.30,19.34,2.04
2026-06-07T20:10:24,1,3.66,29320.00,18.11,14076.00,999.00,19.39,1220.10,19.34,2.05
2026-06-07T20:10:24,1,3.70,29320.00,18.11,14075.00,999.00,19.40,1220.50,19.34,2.06
2026-06-07T20:10:25,1,3.70,29320.00,18.11,14075.00,999.00,19.40,1220.60,19.34,2.06
2026-06-07T20:10:25,1,3.68,29320.00,18.11,14075.00,999.00,19.39,1221.90,19.34,2.07
2026-06-07T20:10:25,1,3.70,29320.00,18.11,14075.00,999.00,19.40,1221.90,19.34,2.07
2026-06-07T20:10:25,1,3.67,29320.00,18.11,14075.00,999.00,19.39,1222.40,19.34,2.08
2026-06-07T20:10:25,1,3.68,29340.00,18.13,14084.00,999.00,19.39,1223.00,19.33,2.08
2026-06-07T20:10:26,1,3.69,29340.00,18.13,14084.00,999.00,19.40,1223.90,19.34,2.09
2026-06-07T20:10:26,1,3.68,29340.00,18.13,14084.00,999.00,19.39,1224.80,19.33,2.10
2026-06-07T20:10:26,1,3.68,29340.00,18.13,14084.00,999.00,19.40,1225.70,19.34,2.11
2026-06-07T20:10:26,1,3.67,29340.00,18.13,14084.00,999.00,19.40,1226.00,19.34,2.11
2026-06-07T20:10:26,1,3.71,29350.00,18.13,14089.00,999.00,19.40,1226.70,19.34,2.12
2026-06-07T20:10:27,1,3.70,29350.00,18.13,14089.00,999.00,19.40,1228.10,19.33,2.13
2026-06-07T20:10:27,1,3.66,29350.00,18.13,14089.00,999.00,19.40,1228.10,19.33,2.13
2026-06-07T20:10:27,1,3.67,29350.00,18.13,14089.00,999.00,19.39,1228.30,19.33,2.13
2026-06-07T20:10:27,1,3.68,29350.00,18.14,14092.00,999.00,19.40,1229.10,19.33,2.14
2026-06-07T20:10:27,1,3.68,29350.00,18.14,14092.00,999.00,19.40,1230.10,19.33,2.15
2026-06-07T20:10:28,1,3.70,29350.00,18.14,14092.00,999.00,19.40,1230.60,19.32,2.16
2026-06-07T20:10:28,1,3.66,29350.00,18.14,14092.00,999.00,19.40,1231.70,19.33,2.17
2026-06-07T20:10:28,1,3.69,29350.00,18.14,14092.00,999.00,19.40,1231.90,19.33,2.17
2026-06-07T20:10:28,1,3.70,29350.00,18.14,14093.00,999.00,19.40,1233.10,19.33,2.18
2026-06-07T20:10:29,1,3.68,29350.00,18.14,14093.00,999.00,19.40,1233.10,19.33,2.18
2026-06-07T20:10:29,1,3.69,29350.00,18.14,14093.00,999.00,19.40,1234.40,19.33,2.19
2026-06-07T20:10:29,1,3.66,29350.00,18.14,14093.00,999.00,19.40,1234.90,19.33,2.20
2026-06-07T20:10:29,1,3.65,29350.00,18.14,14093.00,999.00,19.40,1235.50,19.33,2.20
2026-06-07T20:10:29,1,3.71,29350.00,18.13,14090.00,999.00,19.39,1235.70,19.33,2.21
2026-06-07T20:10:30,1,3.68,29350.00,18.13,14090.00,999.00,19.40,1235.60,19.33,2.21
2026-06-07T20:10:30,1,3.69,29350.00,18.13,14090.00,999.00,19.40,1236.50,19.33,2.21
2026-06-07T20:10:30,1,3.66,29350.00,18.13,14090.00,999.00,19.40,1237.00,19.33,2.22
2026-06-07T20:10:30,1,3.67,29350.00,18.13,14090.00,999.00,19.40,1237.40,19.33,2.22
2026-06-07T20:10:30,1,3.70,29350.00,18.14,14092.00,999.00,19.40,1239.50,19.33,2.24
2026-06-07T20:10:31,1,3.67,29350.00,18.14,14092.00,999.00,19.40,1241.20,19.33,2.26
2026-06-07T20:10:31,1,3.67,29350.00,18.14,14092.00,999.00,19.39,1242.10,19.33,2.27
2026-06-07T20:10:31,1,3.66,29350.00,18.14,14092.00,999.00,19.40,1243.70,19.33,2.29
2026-06-07T20:10:31,1,3.68,29360.00,18.14,14095.00,999.00,19.40,1244.90,19.33,2.30
2026-06-07T20:10:31,1,3.70,29360.00,18.14,14095.00,999.00,19.40,1247.00,19.33,2.32
2026-06-07T20:10:32,1,3.70,29360.00,18.14,14095.00,999.00,19.40,1248.30,19.33,2.33
2026-06-07T20:10:32,1,3.66,29360.00,18.14,14095.00,999.00,19.40,1250.10,19.33,2.35
2026-06-07T20:10:32,1,3.66,29360.00,18.14,14095.00,999.00,19.40,1252.00,19.33,2.37
2026-06-07T20:10:32,1,3.68,29400.00,18.17,14113.00,999.00,19.40,1253.20,19.33,2.38
2026-06-07T20:10:32,1,3.70,29400.00,18.17,14113.00,999.00,19.40,1254.30,19.33,2.39
2026-06-07T20:10:33,1,3.70,29400.00,18.17,14113.00,999.00,19.40,1255.30,19.33,2.40
2026-06-07T20:10:33,1,3.66,29400.00,18.17,14113.00,999.00,19.40,1256.40,19.33,2.41
2026-06-07T20:10:33,1,3.68,29400.00,18.17,14113.00,999.00,19.40,1257.40,19.33,2.42
2026-06-07T20:10:33,1,3.70,29370.00,18.15,14099.00,999.00,19.40,1258.10,19.33,2.43
2026-06-07T20:10:34,1,3.68,29370.00,18.15,14099.00,999.00,19.40,1258.70,19.33,2.43
2026-06-07T20:10:34,1,3.68,29370.00,18.15,14099.00,999.00,19.40,1259.50,19.33,2.44
2026-06-07T20:10:34,1,3.68,29370.00,18.15,14099.00,999.00,19.40,1260.50,19.33,2.45
2026-06-07T20:10:34,1,3.68,29380.00,18.15,14105.00,999.00,19.40,1262.50,19.32,2.47
2026-06-07T20:10:34,1,3.69,29380.00,18.15,14105.00,999.00,19.40,1264.70,19.32,2.49
2026-06-07T20:10:35,1,3.70,29380.00,18.15,14105.00,999.00,19.40,1266.10,19.33,2.51
2026-06-07T20:10:35,1,3.67,29380.00,18.15,14105.00,999.00,19.40,1266.90,19.32,2.52
2026-06-07T20:10:35,1,3.68,29380.00,18.15,14105.00,999.00,19.40,1267.70,19.32,2.52
2026-06-07T20:10:35,1,3.71,29400.00,18.17,14114.00,999.00,19.40,1268.70,19.32,2.53
2026-06-07T20:10:35,1,3.70,29400.00,18.17,14114.00,999.00,19.40,1269.70,19.33,2.54
2026-06-07T20:10:36,1,3.71,29400.00,18.17,14114.00,999.00,19.40,1271.40,19.33,2.56
2026-06-07T20:10:36,1,3.68,29400.00,18.17,14114.00,999.00,19.40,1272.80,19.33,2.57
2026-06-07T20:10:36,1,3.68,29400.00,18.17,14114.00,999.00,19.40,1273.70,19.33,2.58
2026-06-07T20:10:36,1,3.69,29430.00,18.19,14127.00,999.00,19.40,1274.60,19.33,2.59
2026-06-07T20:10:36,1,3.70,29430.00,18.19,14127.00,999.00,19.40,1275.00,19.33,2.60
2026-06-07T20:10:37,1,3.69,29430.00,18.19,14127.00,999.00,19.39,1275.90,19.32,2.61
2026-06-07T20:10:37,1,3.70,29430.00,18.19,14127.00,999.00,19.40,1277.30,19.32,2.62
2026-06-07T20:10:37,1,3.70,29430.00,18.19,14127.00,999.00,19.40,1279.20,19.33,2.64
2026-06-07T20:10:37,1,3.69,29430.00,18.19,14130.00,999.00,19.40,1281.00,19.32,2.66
2026-06-07T20:10:37,1,3.68,29430.00,18.19,14130.00,999.00,19.40,1282.30,19.32,2.67
2026-06-07T20:10:38,1,3.69,29430.00,18.19,14130.00,999.00,19.40,1283.40,19.32,2.68
2026-06-07T20:10:38,1,3.68,29430.00,18.19,14130.00,999.00,19.40,1284.60,19.32,2.69
2026-06-07T20:10:38,1,3.66,29430.00,18.19,14130.00,999.00,19.41,1285.10,19.32,2.70
2026-06-07T20:10:38,1,3.68,29420.00,18.18,14122.00,999.00,19.40,1285.60,19.32,2.70
2026-06-07T20:10:39,1,3.68,29420.00,18.18,14122.00,999.00,19.41,1286.30,19.33,2.71
2026-06-07T20:10:39,1,3.68,29420.00,18.18,14122.00,999.00,19.40,1288.00,19.32,2.73
2026-06-07T20:10:39,1,3.69,29420.00,18.18,14122.00,999.00,19.40,1290.10,19.32,2.75
2026-06-07T20:10:39,1,3.66,29430.00,18.19,14129.00,999.00,19.41,1291.70,19.32,2.76
2026-06-07T20:10:39,1,3.67,29430.00,18.19,14129.00,999.00,19.41,1293.20,19.32,2.78
2026-06-07T20:10:40,1,3.69,29430.00,18.19,14129.00,999.00,19.40,1294.40,19.32,2.79
2026-06-07T20:10:40,1,3.67,29430.00,18.19,14129.00,999.00,19.41,1295.80,19.32,2.80
2026-06-07T20:10:40,1,3.69,29430.00,18.19,14129.00,999.00,19.41,1296.50,19.32,2.81
2026-06-07T20:10:40,1,3.68,29440.00,18.20,14136.00,999.00,19.41,1298.20,19.32,2.83
2026-06-07T20:10:40,1,3.70,29440.00,18.20,14136.00,999.00,19.40,1298.90,19.32,2.83
2026-06-07T20:10:41,1,3.67,29440.00,18.20,14136.00,999.00,19.41,1300.00,19.32,2.84
2026-06-07T20:10:41,1,3.66,29440.00,18.20,14136.00,999.00,19.40,1301.40,19.31,2.86
2026-06-07T20:10:41,1,3.69,29440.00,18.20,14136.00,999.00,19.40,1301.80,19.32,2.86
2026-06-07T20:10:41,1,3.70,29440.00,18.20,14134.00,999.00,19.40,1302.90,19.32,2.87
2026-06-07T20:10:41,1,3.69,29440.00,18.20,14134.00,999.00,19.41,1302.90,19.32,2.87
2026-06-07T20:10:42,1,3.68,29440.00,18.20,14134.00,999.00,19.41,1303.30,19.32,2.88
2026-06-07T20:10:42,1,3.66,29440.00,18.20,14134.00,999.00,19.40,1304.30,19.32,2.89
2026-06-07T20:10:42,1,3.69,29440.00,18.20,14134.00,999.00,19.41,1306.50,19.32,2.91
2026-06-07T20:10:42,1,3.69,29440.00,18.20,14134.00,999.00,19.41,1309.00,19.32,2.93
2026-06-07T20:10:42,1,3.68,29440.00,18.20,14134.00,999.00,19.41,1310.20,19.32,2.95
2026-06-07T20:10:43,1,3.68,29440.00,18.20,14134.00,999.00,19.40,1311.70,19.32,2.96
2026-06-07T20:10:43,1,3.68,29440.00,18.20,14134.00,999.00,19.41,1312.60,19.32,2.97
2026-06-07T20:10:43,1,3.70,29460.00,18.21,14145.00,999.00,19.41,1314.60,19.32,2.99
2026-06-07T20:10:43,1,3.70,29460.00,18.21,14145.00,999.00,19.41,1317.30,19.32,3.02
2026-06-07T20:10:44,1,3.69,29460.00,18.21,14145.00,999.00,19.40,1319.10,19.32,3.03
2026-06-07T20:10:44,1,3.68,29460.00,18.21,14145.00,999.00,19.41,1320.70,19.32,3.05
2026-06-07T20:10:44,1,3.65,29460.00,18.21,14145.00,999.00,19.41,1322.30,19.32,3.07
2026-06-07T20:10:44,1,3.68,29490.00,18.23,14158.00,999.00,19.41,1323.40,19.32,3.08
2026-06-07T20:10:44,1,3.69,29490.00,18.23,14158.00,999.00,19.41,1325.60,19.32,3.10
2026-06-07T20:10:45,1,3.66,29490.00,18.23,14158.00,999.00,19.41,1326.50,19.32,3.11
2026-06-07T20:10:45,1,3.68,29490.00,18.23,14158.00,999.00,19.41,1328.00,19.32,3.12
2026-06-07T20:10:45,1,3.68,29490.00,18.23,14158.00,999.00,19.40,1329.00,19.32,3.13
2026-06-07T20:10:45,1,3.70,29500.00,18.23,14160.00,999.00,19.41,1330.10,19.32,3.14
2026-06-07T20:10:45,1,3.69,29500.00,18.23,14160.00,999.00,19.40,1331.10,19.32,3.15
2026-06-07T20:10:46,1,3.69,29500.00,18.23,14160.00,999.00,19.41,1331.30,19.32,3.15
2026-06-07T20:10:46,1,3.67,29500.00,18.23,14160.00,999.00,19.40,1333.00,19.32,3.17
2026-06-07T20:10:46,1,3.66,29500.00,18.23,14160.00,999.00,19.40,1335.00,19.32,3.19
2026-06-07T20:10:46,1,3.68,29570.00,18.28,14194.00,999.00,19.41,1336.10,19.32,3.20
2026-06-07T20:10:46,1,3.72,29570.00,18.28,14194.00,999.00,19.40,1337.90,19.32,3.22
2026-06-07T20:10:47,1,3.68,29570.00,18.28,14194.00,999.00,19.41,1338.50,19.32,3.23
2026-06-07T20:10:47,1,3.68,29570.00,18.28,14194.00,999.00,19.40,1339.90,19.31,3.24
2026-06-07T20:10:47,1,3.69,29730.00,18.39,14273.00,999.00,19.40,1341.90,19.31,3.26
2026-06-07T20:10:47,1,3.71,29730.00,18.39,14273.00,999.00,19.40,1342.80,19.32,3.27
2026-06-07T20:10:47,1,3.71,29730.00,18.39,14273.00,999.00,19.40,1343.70,19.32,3.28
2026-06-07T20:10:48,1,3.66,29730.00,18.39,14273.00,999.00,19.40,1344.50,19.32,3.29
2026-06-07T20:10:48,1,3.68,29730.00,18.39,14273.00,999.00,19.40,1345.60,19.32,3.30
2026-06-07T20:10:48,1,3.68,29890.00,18.50,14350.00,999.00,19.40,1347.80,19.32,3.32
2026-06-07T20:10:48,1,3.70,29890.00,18.50,14350.00,999.00,19.40,1349.50,19.32,3.33
2026-06-07T20:10:49,1,3.71,29890.00,18.50,14350.00,999.00,19.40,1350.50,19.32,3.34
2026-06-07T20:10:49,1,3.67,29890.00,18.50,14350.00,999.00,19.40,1352.50,19.32,3.36
2026-06-07T20:10:49,1,3.69,29890.00,18.50,14350.00,999.00,19.40,1353.50,19.32,3.37
2026-06-07T20:10:49,1,3.69,29940.00,18.53,14373.00,999.00,19.40,1354.50,19.32,3.38
2026-06-07T20:10:49,1,3.68,29940.00,18.53,14373.00,999.00,19.39,1355.50,19.32,3.39
2026-06-07T20:10:50,1,3.69,29940.00,18.53,14373.00,999.00,19.39,1356.50,19.32,3.40
2026-06-07T20:10:50,1,3.69,29940.00,18.53,14373.00,999.00,19.39,1358.10,19.32,3.42
2026-06-07T20:10:50,1,3.67,29940.00,18.53,14373.00,999.00,19.39,1359.90,19.32,3.44
2026-06-07T20:10:50,1,3.68,29980.00,18.56,14393.00,999.00,19.39,1362.20,19.32,3.46
2026-06-07T20:10:50,1,3.71,29980.00,18.56,14393.00,999.00,19.39,1364.20,19.32,3.48
2026-06-07T20:10:51,1,3.68,29980.00,18.56,14393.00,999.00,19.39,1366.50,19.32,3.50
2026-06-07T20:10:51,1,3.64,29980.00,18.56,14393.00,999.00,19.39,1368.50,19.32,3.52
2026-06-07T20:10:51,1,3.69,30010.00,18.58,14408.00,999.00,19.39,1370.60,19.32,3.54
2026-06-07T20:10:51,1,3.68,30010.00,18.58,14408.00,999.00,19.39,1372.50,19.32,3.56
2026-06-07T20:10:51,1,3.70,30010.00,18.58,14408.00,999.00,19.39,1372.80,19.32,3.57
2026-06-07T20:10:52,1,3.68,30010.00,18.58,14408.00,999.00,19.39,1372.90,19.32,3.57
2026-06-07T20:10:52,1,3.68,30010.00,18.58,14408.00,999.00,19.39,1374.10,19.32,3.58
2026-06-07T20:10:52,1,3.70,30080.00,18.63,14441.00,999.00,19.38,1375.30,19.31,3.59
2026-06-07T20:10:52,1,3.68,30080.00,18.63,14441.00,999.00,19.38,1376.90,19.32,3.61
2026-06-07T20:10:52,1,3.68,30080.00,18.63,14441.00,999.00,19.38,1377.70,19.32,3.61
2026-06-07T20:10:53,1,3.70,30080.00,18.63,14441.00,999.00,19.38,1379.30,19.31,3.63
2026-06-07T20:10:53,1,3.67,30080.00,18.63,14441.00,999.00,19.38,1380.60,19.31,3.64
2026-06-07T20:10:53,1,3.69,30160.00,18.69,14480.00,999.00,19.38,1381.70,19.31,3.65
2026-06-07T20:10:53,1,3.68,30160.00,18.69,14480.00,999.00,19.38,1382.40,19.31,3.66
2026-06-07T20:10:53,1,3.70,30160.00,18.69,14480.00,999.00,19.38,1383.90,19.31,3.68
2026-06-07T20:10:54,1,3.69,30160.00,18.69,14480.00,999.00,19.38,1385.70,19.32,3.69
2026-06-07T20:10:54,1,3.68,30230.00,18.73,14512.00,999.00,19.38,1388.00,19.30,3.72
2026-06-07T20:10:54,1,3.69,30230.00,18.73,14512.00,999.00,19.39,1388.80,19.31,3.72
2026-06-07T20:10:54,1,3.67,30230.00,18.73,14512.00,999.00,19.38,1389.50,19.31,3.73
2026-06-07T20:10:55,1,3.66,30230.00,18.73,14512.00,999.00,19.38,1391.00,19.31,3.75
2026-06-07T20:10:55,1,3.68,30230.00,18.73,14512.00,999.00,19.38,1392.10,19.31,3.76
2026-06-07T20:10:55,1,3.68,30270.00,18.76,14531.00,999.00,19.38,1392.90,19.31,3.76
2026-06-07T20:10:55,1,3.68,30270.00,18.76,14531.00,999.00,19.38,1393.40,19.31,3.77
2026-06-07T20:10:55,1,3.69,30270.00,18.76,14531.00,999.00,19.39,1391.80,19.31,3.75
2026-06-07T20:10:56,1,3.68,30270.00,18.76,14531.00,999.00,19.39,1390.20,19.31,3.74
2026-06-07T20:10:56,1,3.68,30270.00,18.76,14531.00,999.00,19.39,1391.00,19.31,3.75
2026-06-07T20:10:56,1,3.70,30290.00,18.77,14542.00,999.00,19.39,1391.80,19.31,3.75
2026-06-07T20:10:56,1,3.70,30290.00,18.77,14542.00,999.00,19.38,1393.10,19.31,3.77
2026-06-07T20:10:56,1,3.69,30290.00,18.77,14542.00,999.00,19.39,1393.80,19.31,3.77
2026-06-07T20:10:57,1,3.66,30290.00,18.77,14542.00,999.00,19.38,1395.90,19.31,3.79
2026-06-07T20:10:57,1,3.68,30290.00,18.77,14542.00,999.00,19.39,1396.90,19.31,3.80
2026-06-07T20:10:57,1,3.70,30310.00,18.78,14550.00,999.00,19.39,1398.80,19.31,3.82
2026-06-07T20:10:57,1,3.68,30310.00,18.78,14550.00,999.00,19.39,1400.60,19.31,3.84
2026-06-07T20:10:57,1,3.70,30310.00,18.78,14550.00,999.00,19.39,1402.30,19.31,3.86
2026-06-07T20:10:58,1,3.68,30310.00,18.78,14550.00,999.00,19.39,1403.50,19.31,3.87
2026-06-07T20:10:58,1,3.68,30310.00,18.78,14550.00,999.00,19.39,1405.50,19.31,3.89
2026-06-07T20:10:58,1,3.68,30330.00,18.80,14560.00,999.00,19.39,1406.30,19.31,3.90
2026-06-07T20:10:58,1,3.70,30330.00,18.80,14560.00,999.00,19.39,1408.00,19.31,3.91
2026-06-07T20:10:58,1,3.68,30330.00,18.80,14560.00,999.00,19.39,1409.20,19.31,3.93
2026-06-07T20:10:59,1,3.69,30330.00,18.80,14560.00,999.00,19.39,1410.10,19.31,3.94
2026-06-07T20:10:59,1,3.67,30330.00,18.80,14562.00,999.00,19.39,1411.60,19.31,3.95
2026-06-07T20:10:59,1,3.68,30330.00,18.80,14562.00,999.00,19.39,1412.60,19.31,3.96
2026-06-07T20:10:59,1,3.68,30330.00,18.80,14562.00,999.00,19.39,1414.80,19.30,3.98
2026-06-07T20:11:00,1,3.68,30330.00,18.80,14562.00,999.00,19.39,1416.10,19.31,3.99
2026-06-07T20:11:00,1,3.69,30330.00,18.80,14562.00,999.00,19.39,1417.70,19.31,4.01
2026-06-07T20:11:00,1,3.71,30370.00,18.83,14582.00,999.00,19.40,1419.90,19.31,4.03
2026-06-07T20:11:00,1,3.70,30370.00,18.83,14582.00,999.00,19.40,1421.80,19.31,4.05
2026-06-07T20:11:00,1,3.69,30370.00,18.83,14582.00,999.00,19.39,1423.70,19.31,4.07
2026-06-07T20:11:01,1,3.68,30370.00,18.83,14582.00,999.00,19.40,1426.20,19.31,4.09
2026-06-07T20:11:01,1,3.68,30370.00,18.83,14582.00,999.00,19.39,1428.40,19.31,4.12
2026-06-07T20:11:01,1,3.69,30430.00,18.87,14608.00,999.00,19.39,1429.90,19.31,4.13
2026-06-07T20:11:01,1,3.70,30430.00,18.87,14608.00,999.00,19.39,1431.40,19.31,4.15
2026-06-07T20:11:01,1,3.70,30430.00,18.87,14608.00,999.00,19.39,1433.70,19.31,4.17
2026-06-07T20:11:02,1,3.66,30430.00,18.87,14608.00,999.00,19.39,1434.60,19.31,4.18
2026-06-07T20:11:02,1,3.65,30470.00,18.89,14626.00,999.00,19.39,1435.60,19.31,4.19
2026-06-07T20:11:02,1,3.70,30470.00,18.89,14626.00,999.00,19.39,1436.50,19.31,4.20
2026-06-07T20:11:02,1,3.67,30470.00,18.89,14626.00,999.00,19.39,1436.50,19.31,4.20
2026-06-07T20:11:02,1,3.68,30470.00,18.89,14626.00,999.00,19.39,1437.70,19.31,4.21
2026-06-07T20:11:03,1,3.67,30470.00,18.89,14626.00,999.00,19.39,1438.70,19.31,4.22
2026-06-07T20:11:03,1,3.70,30700.00,19.05,14739.00,999.00,19.39,1439.30,19.30,4.22
2026-06-07T20:11:03,1,3.70,30700.00,19.05,14739.00,999.00,19.38,1439.80,19.31,4.23
2026-06-07T20:11:03,1,3.70,30700.00,19.05,14739.00,999.00,19.39,1440.60,19.31,4.24
2026-06-07T20:11:03,1,3.68,30700.00,19.05,14739.00,999.00,19.39,1442.30,19.31,4.25
2026-06-07T20:11:04,1,3.67,30700.00,19.05,14739.00,999.00,19.38,1445.00,19.31,4.28
2026-06-07T20:11:04,1,3.66,30780.00,19.11,14775.00,999.00,19.38,1447.30,19.31,4.30
2026-06-07T20:11:04,1,3.68,30780.00,19.11,14775.00,999.00,19.37,1448.80,19.31,4.32
2026-06-07T20:11:04,1,3.71,30780.00,19.11,14775.00,999.00,19.37,1449.40,19.31,4.32
2026-06-07T20:11:04,1,3.66,30780.00,19.11,14775.00,999.00,19.37,1451.10,19.31,4.34
2026-06-07T20:11:05,1,3.66,30780.00,19.11,14775.00,999.00,19.37,1452.00,19.31,4.35
2026-06-07T20:11:05,1,3.70,30870.00,19.17,14821.00,999.00,19.36,1452.70,19.31,4.36
2026-06-07T20:11:05,1,3.70,30870.00,19.17,14821.00,999.00,19.36,1453.70,19.31,4.37
2026-06-07T20:11:05,1,3.70,30870.00,19.17,14821.00,999.00,19.36,1454.50,19.31,4.38
2026-06-07T20:11:06,1,3.66,30870.00,19.17,14821.00,999.00,19.36,1455.40,19.30,4.38
2026-06-07T20:11:06,1,3.66,30870.00,19.17,14821.00,999.00,19.36,1456.50,19.30,4.39
2026-06-07T20:11:06,1,3.69,30890.00,19.18,14827.00,999.00,19.35,1458.30,19.31,4.41
2026-06-07T20:11:06,1,3.68,30890.00,19.18,14827.00,999.00,19.35,1459.20,19.31,4.42
2026-06-07T20:11:06,1,3.69,30890.00,19.18,14827.00,999.00,19.35,1459.70,19.31,4.43
2026-06-07T20:11:07,1,3.68,30890.00,19.18,14827.00,999.00,19.35,1460.40,19.30,4.43
2026-06-07T20:11:07,1,3.70,30990.00,19.25,14878.00,999.00,19.35,1461.80,19.29,4.45
2026-06-07T20:11:07,1,3.70,30990.00,19.25,14878.00,999.00,19.35,1462.90,19.30,4.46
2026-06-07T20:11:07,1,3.68,30990.00,19.25,14878.00,999.00,19.34,1464.50,19.30,4.47
2026-06-07T20:11:07,1,3.68,30990.00,19.25,14878.00,999.00,19.34,1466.00,19.30,4.49
2026-06-07T20:11:08,1,3.69,30990.00,19.25,14878.00,999.00,19.34,1468.10,19.30,4.51
2026-06-07T20:11:08,1,3.69,31080.00,19.31,14919.00,999.00,19.34,1470.10,19.30,4.53
2026-06-07T20:11:08,1,3.70,31080.00,19.31,14919.00,999.00,19.34,1471.30,19.30,4.54
2026-06-07T20:11:08,1,3.68,31080.00,19.31,14919.00,999.00,19.33,1472.60,19.30,4.55
2026-06-07T20:11:08,1,3.67,31080.00,19.31,14919.00,999.00,19.32,1474.00,19.30,4.57
2026-06-07T20:11:09,1,3.68,31080.00,19.31,14919.00,999.00,19.32,1475.40,19.30,4.58
2026-06-07T20:11:09,1,3.70,31170.00,19.38,14966.00,999.00,19.32,1476.70,19.30,4.60
2026-06-07T20:11:09,1,3.68,31170.00,19.38,14966.00,999.00,19.32,1478.20,19.29,4.61
2026-06-07T20:11:09,1,3.69,31170.00,19.38,14966.00,999.00,19.31,1479.90,19.30,4.63
2026-06-07T20:11:09,1,3.66,31170.00,19.38,14966.00,999.00,19.31,1481.10,19.30,4.64
2026-06-07T20:11:10,1,3.66,31550.00,19.64,15147.00,999.00,19.30,1481.90,19.30,4.65
2026-06-07T20:11:10,1,3.68,31550.00,19.64,15147.00,999.00,19.29,1483.00,19.30,4.66
2026-06-07T20:11:10,1,3.69,31550.00,19.64,15147.00,999.00,19.29,1484.10,19.29,4.67
2026-06-07T20:11:10,1,3.68,31550.00,19.64,15147.00,999.00,19.28,1485.50,19.29,4.68
2026-06-07T20:11:11,1,3.68,31550.00,19.64,15147.00,999.00,19.28,1486.40,19.29,4.69
2026-06-07T20:11:11,1,3.70,31730.00,19.76,15232.00,999.00,19.27,1488.20,19.29,4.71
2026-06-07T20:11:11,1,3.70,31730.00,19.76,15232.00,999.00,19.27,1489.80,19.29,4.72
2026-06-07T20:11:11,1,3.68,31730.00,19.76,15232.00,999.00,19.27,1490.60,19.29,4.73
2026-06-07T20:11:11,1,3.67,31730.00,19.76,15232.00,999.00,19.26,1491.90,19.29,4.75
2026-06-07T20:11:12,1,3.63,31730.00,19.76,15232.00,999.00,19.26,1492.60,19.29,4.75
2026-06-07T20:11:12,1,3.70,31850.00,19.84,15289.00,999.00,19.26,1493.40,19.29,4.76
2026-06-07T20:11:12,1,3.70,31850.00,19.84,15289.00,999.00,19.25,1494.40,19.28,4.77
2026-06-07T20:11:12,1,3.70,31850.00,19.84,15289.00,999.00,19.25,1494.70,19.27,4.77
2026-06-07T20:11:12,1,3.68,31850.00,19.84,15289.00,999.00,19.25,1494.90,19.28,4.78
2026-06-07T20:11:13,1,3.68,31850.00,19.84,15289.00,999.00,19.24,1495.70,19.28,4.78
2026-06-07T20:11:13,1,3.69,31750.00,19.77,15245.00,999.00,19.24,1497.20,19.28,4.80
2026-06-07T20:11:13,1,3.70,31750.00,19.77,15245.00,999.00,19.24,1498.10,19.28,4.81
2026-06-07T20:11:13,1,3.69,31750.00,19.77,15245.00,999.00,19.23,1500.30,19.27,4.83
2026-06-07T20:11:13,1,3.65,31750.00,19.77,15245.00,999.00,19.23,1501.50,19.28,4.84
2026-06-07T20:11:14,1,3.69,32390.00,20.21,15550.00,999.00,19.23,1502.90,19.27,4.85
2026-06-07T20:11:14,1,3.70,32390.00,20.21,15550.00,999.00,19.23,1503.40,19.27,4.86
2026-06-07T20:11:14,1,3.70,32390.00,20.21,15550.00,999.00,19.23,1504.80,19.27,4.87
2026-06-07T20:11:14,1,3.68,32390.00,20.21,15550.00,999.00,19.22,1505.90,19.26,4.88
2026-06-07T20:11:14,1,3.67,32390.00,20.21,15550.00,999.00,19.22,1506.90,19.26,4.89
2026-06-07T20:11:15,1,3.69,32490.00,20.28,15596.00,999.00,19.21,1507.10,19.26,4.90
2026-06-07T20:11:15,1,3.68,32490.00,20.28,15596.00,999.00,19.21,1508.40,19.26,4.91
2026-06-07T20:11:15,1,3.71,32490.00,20.28,15596.00,999.00,19.21,1509.60,19.26,4.92
2026-06-07T20:11:15,1,3.68,32490.00,20.28,15596.00,999.00,19.21,1510.70,19.26,4.93
2026-06-07T20:11:16,1,3.66,32490.00,20.28,15596.00,999.00,19.20,1512.10,19.26,4.95
2026-06-07T20:11:16,1,3.70,32460.00,20.26,15582.00,999.00,19.20,1512.70,19.25,4.95
2026-06-07T20:11:16,1,3.69,32460.00,20.26,15582.00,999.00,19.20,1515.10,19.25,4.98
2026-06-07T20:11:16,1,3.70,32460.00,20.26,15582.00,999.00,19.20,1517.70,19.25,5.00
2026-06-07T20:11:16,1,3.66,32460.00,20.26,15582.00,999.00,19.20,1520.10,19.25,5.03
2026-06-07T20:11:17,1,3.69,32460.00,20.26,15582.00,999.00,19.20,1523.50,19.25,5.06
2026-06-07T20:11:17,1,3.69,32540.00,20.31,15620.00,999.00,19.20,1526.30,19.25,5.09
2026-06-07T20:11:17,1,3.69,32540.00,20.31,15620.00,999.00,19.20,1529.70,19.24,5.12
2026-06-07T20:11:17,1,3.70,32540.00,20.31,15620.00,999.00,19.20,1531.40,19.24,5.14
2026-06-07T20:11:17,1,3.69,32540.00,20.31,15620.00,999.00,19.20,1534.10,19.24,5.16
2026-06-07T20:11:18,1,3.68,32750.00,20.46,15721.00,999.00,19.20,1536.20,19.24,5.18
2026-06-07T20:11:18,1,3.68,32750.00,20.46,15721.00,999.00,19.20,1538.60,19.23,5.21
2026-06-07T20:11:18,1,3.70,32750.00,20.46,15721.00,999.00,19.20,1540.50,19.23,5.23
2026-06-07T20:11:18,1,3.68,32750.00,20.46,15721.00,999.00,19.20,1542.90,19.23,5.25
2026-06-07T20:11:18,1,3.68,32750.00,20.46,15721.00,999.00,19.20,1544.00,19.23,5.26
2026-06-07T20:11:19,1,3.70,32880.00,20.55,15783.00,999.00,19.20,1544.80,19.23,5.27
2026-06-07T20:11:19,1,3.70,32880.00,20.55,15783.00,999.00,19.20,1545.80,19.22,5.28
2026-06-07T20:11:19,1,3.69,32880.00,20.55,15783.00,999.00,19.20,1546.50,19.22,5.29
2026-06-07T20:11:19,1,3.69,32880.00,20.55,15783.00,999.00,19.20,1546.80,19.22,5.29
2026-06-07T20:11:19,1,3.68,32880.00,20.55,15783.00,999.00,19.20,1548.30,19.23,5.30
2026-06-07T20:11:20,1,3.68,32900.00,20.56,15794.00,999.00,19.20,1550.40,19.22,5.33
2026-06-07T20:11:20,1,3.68,32900.00,20.56,15794.00,999.00,19.20,1553.10,19.21,5.35
2026-06-07T20:11:20,1,3.68,32900.00,20.56,15794.00,999.00,19.20,1553.90,19.21,5.36
2026-06-07T20:11:20,1,3.66,32900.00,20.56,15794.00,999.00,19.20,1554.70,19.21,5.37
2026-06-07T20:11:21,1,3.68,32900.00,20.56,15794.00,999.00,19.20,1556.20,19.21,5.38
2026-06-07T20:11:21,1,3.70,32900.00,20.56,15794.00,999.00,19.20,1557.80,19.21,5.40
2026-06-07T20:11:21,1,3.66,32900.00,20.56,15794.00,999.00,19.20,1559.50,19.21,5.42
2026-06-07T20:11:21,1,3.69,32900.00,20.56,15794.00,999.00,19.20,1561.30,19.21,5.43
2026-06-07T20:11:21,1,3.66,32900.00,20.56,15794.00,999.00,19.20,1562.10,19.21,5.44
2026-06-07T20:11:22,1,3.68,32920.00,20.58,15805.00,999.00,19.20,1563.10,19.20,5.45
2026-06-07T20:11:22,1,3.70,32920.00,20.58,15805.00,999.00,19.20,1565.10,19.21,5.47
2026-06-07T20:11:22,1,3.71,32920.00,20.58,15805.00,999.00,19.20,1566.40,19.20,5.48
2026-06-07T20:11:22,1,3.66,32920.00,20.58,15805.00,999.00,19.20,1568.80,19.20,5.51
2026-06-07T20:11:22,1,3.68,32920.00,20.58,15805.00,999.00,19.20,1570.80,19.20,5.53
2026-06-07T20:11:23,1,3.71,32940.00,20.59,15812.00,999.00,19.20,1573.10,19.20,5.55
2026-06-07T20:11:23,1,3.70,32940.00,20.59,15812.00,999.00,19.20,1576.40,19.20,5.58
2026-06-07T20:11:23,1,3.69,32940.00,20.59,15812.00,999.00,19.20,1578.40,19.20,5.60
2026-06-07T20:11:23,1,3.65,32940.00,20.59,15812.00,999.00,19.20,1580.40,19.20,5.62
2026-06-07T20:11:23,1,3.68,32940.00,20.59,15812.00,999.00,19.20,1582.20,19.20,5.64
2026-06-07T20:11:24,1,3.70,32930.00,20.59,15811.00,999.00,19.20,1584.10,19.20,5.66
2026-06-07T20:11:24,1,3.68,32930.00,20.59,15811.00,999.00,19.20,1586.50,19.19,5.68
2026-06-07T20:11:24,1,3.66,32930.00,20.59,15811.00,999.00,19.20,1588.90,19.20,5.71
2026-06-07T20:11:24,1,3.66,32930.00,20.59,15811.00,999.00,19.20,1591.70,19.19,5.73
2026-06-07T20:11:24,1,3.66,32930.00,20.59,15811.00,999.00,19.20,1592.90,19.19,5.75
2026-06-07T20:11:25,1,3.68,32950.00,20.59,15816.00,999.00,19.20,1594.70,19.18,5.76
2026-06-07T20:11:25,1,3.70,32950.00,20.59,15816.00,999.00,19.20,1595.90,19.19,5.78
2026-06-07T20:11:25,1,3.70,32950.00,20.59,15816.00,999.00,19.20,1595.60,19.19,5.77
2026-06-07T20:11:25,1,3.65,32950.00,20.59,15816.00,999.00,19.20,1596.70,19.19,5.78
2026-06-07T20:11:26,1,3.67,33090.00,20.69,15886.00,999.00,19.20,1596.90,19.19,5.79
2026-06-07T20:11:26,1,3.69,33090.00,20.69,15886.00,999.00,19.20,1597.70,19.18,5.79
2026-06-07T20:11:26,1,3.70,33090.00,20.69,15886.00,999.00,19.20,1596.70,19.18,5.78
2026-06-07T20:11:26,1,3.69,33090.00,20.69,15886.00,999.00,19.20,1592.40,19.18,5.74
2026-06-07T20:11:26,1,3.68,33090.00,20.69,15886.00,999.00,19.20,1582.90,19.18,5.65
2026-06-07T20:11:27,1,3.70,33020.00,20.64,15851.00,999.00,19.20,1574.80,19.18,5.57
2026-06-07T20:11:27,1,3.71,33020.00,20.64,15851.00,999.00,19.20,1565.60,19.18,5.48
2026-06-07T20:11:27,1,3.70,33020.00,20.64,15851.00,999.00,19.20,1550.00,19.17,5.32
2026-06-07T20:11:27,1,3.69,33020.00,20.64,15851.00,999.00,19.20,1526.90,19.17,5.09
2026-06-07T20:11:27,1,3.66,33020.00,20.64,15851.00,999.00,19.20,1510.80,19.17,4.93
2026-06-07T20:11:28,1,3.68,32820.00,20.51,15755.00,999.00,19.20,1507.20,19.17,4.90
2026-06-07T20:11:28,1,3.71,32820.00,20.51,15755.00,999.00,19.20,1510.30,19.17,4.93
2026-06-07T20:11:28,1,3.70,32820.00,20.51,15755.00,999.00,19.20,1514.20,19.17,4.97
2026-06-07T20:11:28,1,3.66,32820.00,20.51,15755.00,999.00,19.20,1508.10,19.17,4.91
2026-06-07T20:11:28,1,3.67,32820.00,20.51,15755.00,999.00,19.20,1488.00,19.16,4.71
2026-06-07T20:11:29,1,3.69,32130.00,20.04,15427.00,999.00,19.21,1461.10,19.16,4.44
2026-06-07T20:11:29,1,3.70,32130.00,20.04,15427.00,999.00,19.21,1432.90,19.16,4.16
2026-06-07T20:11:29,1,3.70,32130.00,20.04,15427.00,999.00,19.23,1408.60,19.15,3.92
2026-06-07T20:11:29,1,3.69,32130.00,20.04,15427.00,999.00,19.24,1390.90,19.15,3.74
2026-06-07T20:11:29,1,3.66,30830.00,19.14,14799.00,999.00,19.25,1384.80,19.15,3.68
2026-06-07T20:11:30,1,3.68,30830.00,19.14,14799.00,999.00,19.27,1386.60,19.15,3.70
2026-06-07T20:11:30,1,3.69,30830.00,19.14,14799.00,999.00,19.28,1388.70,19.15,3.72
2026-06-07T20:11:30,1,3.70,30830.00,19.14,14799.00,999.00,19.29,1390.20,19.15,3.74
2026-06-07T20:11:30,1,3.68,30830.00,19.14,14799.00,999.00,19.31,1389.50,19.15,3.73
2026-06-07T20:11:30,1,3.69,30150.00,18.68,14476.00,999.00,19.32,1384.80,19.15,3.68
2026-06-07T20:11:31,1,3.69,30150.00,18.68,14476.00,999.00,19.33,1373.20,19.15,3.57
2026-06-07T20:11:31,1,3.70,30150.00,18.68,14476.00,999.00,19.33,1353.50,19.15,3.37
2026-06-07T20:11:31,1,3.69,30150.00,18.68,14476.00,999.00,19.34,1332.30,19.15,3.16
2026-06-07T20:11:31,1,3.68,30150.00,18.68,14476.00,999.00,19.34,1310.00,19.15,2.94
2026-06-07T20:11:31,1,3.70,29990.00,18.57,14396.00,999.00,19.35,1287.40,19.15,2.72
2026-06-07T20:11:32,1,3.66,29990.00,18.57,14396.00,999.00,19.35,1265.20,19.15,2.50
2026-06-07T20:11:32,1,3.70,29990.00,18.57,14396.00,999.00,19.35,1247.60,19.15,2.32
2026-06-07T20:11:32,1,3.69,29990.00,18.57,14396.00,999.00,19.36,1240.40,19.15,2.25
2026-06-07T20:11:32,1,3.66,29990.00,18.57,14396.00,999.00,19.36,1240.80,19.15,2.26
2026-06-07T20:11:33,1,3.68,29340.00,18.13,14085.00,999.00,19.37,1247.00,19.15,2.32
2026-06-07T20:11:33,1,3.69,29340.00,18.13,14085.00,999.00,19.37,1245.10,19.16,2.30
2026-06-07T20:11:33,1,3.66,29340.00,18.13,14085.00,999.00,19.37,1228.30,19.15,2.13
2026-06-07T20:11:33,1,3.68,29340.00,18.13,14085.00,999.00,19.37,1208.50,19.15,1.94
2026-06-07T20:11:33,1,3.69,29250.00,18.06,14040.00,999.00,19.37,1187.80,19.16,1.73
2026-06-07T20:11:34,1,3.68,29250.00,18.06,14040.00,999.00,19.37,1170.00,19.16,1.56
2026-06-07T20:11:34,1,3.70,29250.00,18.06,14040.00,999.00,19.37,1153.50,19.16,1.39
2026-06-07T20:11:34,1,3.66,29250.00,18.06,14040.00,999.00,19.37,1134.30,19.16,1.20
2026-06-07T20:11:34,1,3.65,29250.00,18.06,14040.00,999.00,19.37,1118.40,19.16,1.04
2026-06-07T20:11:34,1,3.70,29210.00,18.04,14022.00,999.00,19.36,1109.30,19.16,0.95
2026-06-07T20:11:35,1,3.70,29210.00,18.04,14022.00,999.00,19.37,1106.30,19.16,0.92
2026-06-07T20:11:35,1,3.68,29210.00,18.04,14022.00,999.00,19.37,1109.00,19.16,0.95
2026-06-07T20:11:35,1,3.66,29210.00,18.04,14022.00,999.00,19.37,1112.70,19.16,0.99
2026-06-07T20:11:35,1,3.64,29210.00,18.04,14022.00,999.00,19.36,1115.40,19.17,1.01
2026-06-07T20:11:35,1,3.70,29180.00,18.02,14010.00,999.00,19.37,1110.10,19.17,0.96
2026-06-07T20:11:36,1,3.68,29180.00,18.02,14010.00,999.00,19.36,1093.30,19.17,0.80
2026-06-07T20:11:36,1,3.70,29180.00,18.02,14010.00,999.00,19.36,1070.80,19.17,0.57
2026-06-07T20:11:36,1,3.67,29180.00,18.02,14010.00,999.00,19.36,1044.10,19.17,0.31
2026-06-07T20:11:36,1,3.68,29180.00,18.02,14010.00,999.00,19.37,1020.00,19.17,0.07
2026-06-07T20:11:36,1,3.65,29160.00,18.01,14001.00,999.00,19.36,1011.40,19.17,-0.02
2026-06-07T20:11:37,1,3.68,29160.00,18.01,14001.00,999.00,19.36,1011.30,19.17,-0.02
2026-06-07T20:11:37,1,3.69,29160.00,18.01,14001.00,999.00,19.35,1011.50,19.17,-0.01
2026-06-07T20:11:37,1,3.68,29160.00,18.01,14001.00,999.00,19.34,1011.30,19.17,-0.02
2026-06-07T20:11:37,1,3.68,25230.00,15.36,12114.00,999.00,19.24,1011.60,19.16,-0.01
2026-06-07T20:11:38,1,3.69,25230.00,15.36,12114.00,999.00,19.15,1011.60,19.17,-0.01
2026-06-07T20:11:38,1,3.69,25230.00,15.36,12114.00,999.00,19.06,1011.20,19.17,-0.02
2026-06-07T20:11:38,1,3.66,25230.00,15.36,12114.00,999.00,19.00,1011.40,19.18,-0.02
2026-06-07T20:11:38,1,3.66,25230.00,15.36,12114.00,999.00,18.92,1011.30,19.18,-0.02
2026-06-07T20:11:38,1,3.70,25380.00,15.46,12183.00,999.00,18.83,1011.20,19.18,-0.02
2026-06-07T20:11:39,1,3.70,25380.00,15.46,12183.00,999.00,18.74,1011.40,19.18,-0.02
2026-06-07T20:11:39,1,3.69,25380.00,15.46,12183.00,999.00,18.65,1011.20,19.18,-0.02
2026-06-07T20:11:39,1,3.66,25380.00,15.46,12183.00,999.00,18.58,1011.50,19.17,-0.01
2026-06-07T20:11:39,1,3.69,25380.00,15.46,12183.00,999.00,18.52,1011.30,19.17,-0.02
2026-06-07T20:11:39,1,3.70,25560.00,15.58,12269.00,999.00,18.47,1011.50,19.17,-0.01
2026-06-07T20:11:40,1,3.65,25560.00,15.58,12269.00,999.00,18.43,1012.00,19.17,-0.01
2026-06-07T20:11:40,1,3.67,25560.00,15.58,12269.00,999.00,18.38,1012.00,19.17,-0.01
2026-06-07T20:11:40,1,3.69,25560.00,15.58,12269.00,999.00,18.34,1011.40,19.16,-0.02
2026-06-07T20:11:40,1,3.65,25010.00,15.21,12007.00,999.00,18.30,1011.60,19.17,-0.01
2026-06-07T20:11:41,1,3.66,25010.00,15.21,12007.00,999.00,18.26,1011.80,19.16,-0.01
2026-06-07T20:11:41,1,3.69,25010.00,15.21,12007.00,999.00,18.24,1011.80,19.16,-0.01
2026-06-07T20:11:41,1,3.68,25010.00,15.21,12007.00,999.00,18.20,1011.50,19.16,-0.01
2026-06-07T20:11:41,1,3.68,25010.00,15.21,12007.00,999.00,18.17,1011.30,19.16,-0.02
2026-06-07T20:11:41,1,3.69,25470.00,15.52,12230.00,999.00,18.15,1011.30,19.16,-0.02
2026-06-07T20:11:42,1,3.68,25470.00,15.52,12230.00,999.00,18.11,1011.90,19.15,-0.01
2026-06-07T20:11:42,1,3.67,25470.00,15.52,12230.00,999.00,18.09,1011.00,19.15,-0.02
2026-06-07T20:11:42,1,3.66,25470.00,15.52,12230.00,999.00,18.04,1011.50,19.14,-0.01
2026-06-07T20:11:42,1,3.68,25470.00,15.52,12230.00,999.00,18.00,1011.80,19.14,-0.01
2026-06-07T20:11:42,1,3.70,25250.00,15.37,12121.00,999.00,17.96,1012.00,19.14,-0.01
2026-06-07T20:11:43,1,3.69,25250.00,15.37,12121.00,999.00,17.90,1011.70,19.14,-0.01
2026-06-07T20:11:43,1,3.68,25250.00,15.37,12121.00,999.00,17.85,1011.50,19.13,-0.01
2026-06-07T20:11:43,1,3.67,25250.00,15.37,12121.00,999.00,17.80,1011.40,19.13,-0.02
2026-06-07T20:11:43,1,3.69,25250.00,15.37,12121.00,999.00,17.74,1011.50,19.13,-0.01
2026-06-07T20:11:43,1,3.68,25160.00,15.31,12079.00,999.00,17.68,1011.50,19.12,-0.01
2026-06-07T20:11:44,1,3.71,25160.00,15.31,12079.00,999.00,17.64,1011.40,19.11,-0.02
2026-06-07T20:11:44,1,3.68,25160.00,15.31,12079.00,999.00,17.58,1011.50,19.12,-0.01
2026-06-07T20:11:44,1,3.68,25160.00,15.31,12079.00,999.00,17.53,1011.00,19.11,-0.02
2026-06-07T20:11:44,1,3.66,24330.00,14.76,11680.00,999.00,17.49,1011.20,19.11,-0.02
2026-06-07T20:11:44,1,3.70,24330.00,14.76,11680.00,999.00,17.44,1011.40,19.11,-0.02
2026-06-07T20:11:45,1,3.68,24330.00,14.76,11680.00,999.00,17.38,1011.20,19.10,-0.02
2026-06-07T20:11:45,1,3.68,24330.00,14.76,11680.00,999.00,17.32,1011.30,19.09,-0.02
2026-06-07T20:11:45,1,3.67,24330.00,14.76,11680.00,999.00,17.26,1010.70,19.09,-0.02
2026-06-07T20:11:45,1,3.69,25150.00,15.31,12076.00,999.00,17.22,1011.50,19.09,-0.01
2026-06-07T20:11:45,1,3.69,25150.00,15.31,12076.00,999.00,17.19,1011.10,19.08,-0.02
2026-06-07T20:11:46,1,3.70,25150.00,15.31,12076.00,999.00,17.15,1011.10,19.08,-0.02
2026-06-07T20:11:46,1,3.70,25150.00,15.31,12076.00,999.00,17.05,1011.40,19.06,-0.02
2026-06-07T20:11:46,1,3.68,25150.00,15.31,12076.00,999.00,16.95,1011.00,19.07,-0.02
2026-06-07T20:11:46,1,3.68,25250.00,15.38,12123.00,999.00,16.87,1011.10,19.06,-0.02
2026-06-07T20:11:47,1,3.68,25250.00,15.38,12123.00,999.00,16.79,1011.20,19.06,-0.02
2026-06-07T20:11:47,1,3.69,25250.00,15.38,12123.00,999.00,16.70,1011.90,19.06,-0.01
2026-06-07T20:11:47,1,3.66,25250.00,15.38,12123.00,999.00,16.63,1011.50,19.05,-0.01
2026-06-07T20:11:47,1,3.69,25250.00,15.38,12123.00,999.00,16.55,1011.50,19.05,-0.01
2026-06-07T20:11:47,1,3.68,24540.00,14.90,11783.00,999.00,16.49,1011.40,19.05,-0.02
2026-06-07T20:11:48,1,3.70,24540.00,14.90,11783.00,999.00,16.45,1011.50,19.04,-0.01
2026-06-07T20:11:48,1,3.69,24540.00,14.90,11783.00,999.00,16.40,1011.10,19.03,-0.02
2026-06-07T20:11:48,1,3.68,24540.00,14.90,11783.00,999.00,16.33,1011.80,19.03,-0.01
2026-06-07T20:11:48,1,3.69,24910.00,15.15,11958.00,999.00,16.27,1011.30,19.02,-0.02
2026-06-07T20:11:48,1,3.69,24910.00,15.15,11958.00,999.00,16.20,1011.30,19.02,-0.02
2026-06-07T20:11:49,1,3.70,24910.00,15.15,11958.00,999.00,16.15,1011.30,19.01,-0.02
2026-06-07T20:11:49,1,3.69,24910.00,15.15,11958.00,999.00,16.09,1011.30,19.01,-0.02
2026-06-07T20:11:49,1,3.67,24910.00,15.15,11958.00,999.00,16.03,1011.50,19.00,-0.01
2026-06-07T20:11:49,1,3.68,24650.00,14.98,11836.00,999.00,15.98,1011.60,19.00,-0.01
2026-06-07T20:11:49,1,3.68,24650.00,14.98,11836.00,999.00,15.95,1011.70,18.99,-0.01
2026-06-07T20:11:50,1,3.67,24650.00,14.98,11836.00,999.00,15.91,1010.90,18.99,-0.02
2026-06-07T20:11:50,1,3.67,24650.00,14.98,11836.00,999.00,15.88,1011.50,18.98,-0.01
2026-06-07T20:11:50,1,3.69,24650.00,14.98,11836.00,999.00,15.85,1011.60,18.98,-0.01
2026-06-07T20:11:50,1,3.70,24180.00,14.66,11607.00,999.00,15.85,1011.60,18.97,-0.01
2026-06-07T20:11:50,1,3.68,24180.00,14.66,11607.00,999.00,15.84,1012.20,18.97,-0.01
2026-06-07T20:11:51,1,3.69,24180.00,14.66,11607.00,999.00,15.84,1011.90,18.97,-0.01
2026-06-07T20:11:51,1,3.67,24180.00,14.66,11607.00,999.00,15.83,1011.90,18.96,-0.01
2026-06-07T20:11:51,1,3.66,24180.00,14.66,11607.00,999.00,15.84,1011.40,18.96,-0.02
2026-06-07T20:11:51,1,3.66,25860.00,15.78,12414.00,999.00,15.83,1011.10,18.95,-0.02
2026-06-07T20:11:51,1,3.68,25860.00,15.78,12414.00,999.00,15.84,1011.70,18.95,-0.01
2026-06-07T20:11:52,1,3.68,25860.00,15.78,12414.00,999.00,15.84,1011.20,18.94,-0.02
2026-06-07T20:11:52,1,3.66,25860.00,15.78,12414.00,999.00,15.85,1011.20,18.94,-0.02
2026-06-07T20:11:52,1,3.70,21220.00,12.72,10189.00,999.00,15.86,1011.60,18.93,-0.01
2026-06-07T20:11:52,1,3.68,21220.00,12.72,10189.00,999.00,15.87,1011.50,18.93,-0.01
2026-06-07T20:11:53,1,3.68,21220.00,12.72,10189.00,999.00,15.87,1011.50,18.93,-0.01
2026-06-07T20:11:53,1,3.68,21220.00,12.72,10189.00,999.00,15.88,1011.20,18.93,-0.02
2026-06-07T20:11:53,1,3.66,21220.00,12.72,10189.00,999.00,15.89,1011.00,18.92,-0.02
2026-06-07T20:11:53,1,3.68,19660.00,11.70,9440.00,999.00,15.89,1011.70,18.92,-0.01
2026-06-07T20:11:53,1,3.70,19660.00,11.70,9440.00,999.00,15.90,1011.50,18.92,-0.01
2026-06-07T20:11:54,1,3.71,19660.00,11.70,9440.00,999.00,15.90,1011.70,18.91,-0.01
2026-06-07T20:11:54,1,3.66,19660.00,11.70,9440.00,999.00,15.90,1011.70,18.91,-0.01
2026-06-07T20:11:54,1,3.65,19660.00,11.70,9440.00,999.00,15.91,1011.80,18.91,-0.01
2026-06-07T20:11:54,1,3.68,19600.00,11.66,9410.00,999.00,15.93,1011.80,18.90,-0.01
2026-06-07T20:11:54,1,3.71,19600.00,11.66,9410.00,999.00,15.93,1011.20,18.90,-0.02
2026-06-07T20:11:55,1,3.67,19600.00,11.66,9410.00,999.00,15.95,1011.50,18.90,-0.01
2026-06-07T20:11:55,1,3.66,19600.00,11.66,9410.00,999.00,15.95,1011.80,18.90,-0.01
2026-06-07T20:11:55,1,3.66,19600.00,11.66,9410.00,999.00,15.96,1011.80,18.89,-0.01
2026-06-07T20:11:55,1,3.70,19580.00,11.65,9402.00,999.00,15.97,1011.70,18.89,-0.01
2026-06-07T20:11:55,1,3.70,19580.00,11.65,9402.00,999.00,15.97,1011.50,18.89,-0.01
2026-06-07T20:11:56,1,3.70,19580.00,11.65,9402.00,999.00,15.97,1011.10,18.89,-0.02
2026-06-07T20:11:56,1,3.68,19580.00,11.65,9402.00,999.00,15.97,1011.80,18.89,-0.01
2026-06-07T20:11:56,1,3.69,19580.00,11.64,9399.00,999.00,15.97,1011.70,18.89,-0.01
2026-06-07T20:11:56,1,3.68,19580.00,11.64,9399.00,999.00,15.96,1011.50,18.88,-0.01
2026-06-07T20:11:56,1,3.71,19580.00,11.64,9399.00,999.00,15.94,1011.20,18.88,-0.02
2026-06-07T20:11:57,1,3.69,19580.00,11.64,9399.00,999.00,15.93,1011.80,18.88,-0.01
2026-06-07T20:11:57,1,3.66,19580.00,11.64,9399.00,999.00,15.92,1011.50,18.88,-0.01
2026-06-07T20:11:57,1,3.69,19560.00,11.64,9393.00,999.00,15.90,1011.30,18.87,-0.02
2026-06-07T20:11:57,1,3.68,19560.00,11.64,9393.00,999.00,15.89,1011.20,18.87,-0.02
2026-06-07T20:11:58,1,3.67,19560.00,11.64,9393.00,999.00,15.88,1011.50,18.87,-0.01
2026-06-07T20:11:58,1,3.69,19560.00,11.64,9393.00,999.00,15.88,1011.50,18.87,-0.01
2026-06-07T20:11:58,1,3.68,19560.00,11.64,9393.00,999.00,15.86,1011.10,18.87,-0.02
2026-06-07T20:11:58,1,3.68,19550.00,11.63,9385.00,999.00,15.86,1011.60,18.87,-0.01
2026-06-07T20:11:58,1,3.66,19550.00,11.63,9385.00,999.00,15.86,1011.30,18.86,-0.02
2026-06-07T20:11:59,1,3.68,19550.00,11.63,9385.00,999.00,15.86,1011.20,18.86,-0.02
2026-06-07T20:11:59,1,3.66,19550.00,11.63,9385.00,999.00,15.86,1011.90,18.86,-0.01
2026-06-07T20:11:59,1,3.68,19550.00,11.63,9385.00,999.00,15.86,1011.30,18.85,-0.02
2026-06-07T20:11:59,1,3.70,19540.00,11.62,9384.00,999.00,15.86,1011.50,18.85,-0.01
2026-06-07T20:11:59,1,3.70,19540.00,11.62,9384.00,999.00,15.86,1011.30,18.85,-0.02
2026-06-07T20:12:00,1,3.69,19540.00,11.62,9384.00,999.00,15.87,1011.70,18.85,-0.01
2026-06-07T20:12:00,1,3.67,19540.00,11.62,9384.00,999.00,15.87,1011.30,18.85,-0.02
2026-06-07T20:12:00,1,3.70,19550.00,11.63,9388.00,999.00,15.87,1011.20,18.85,-0.02
2026-06-07T20:12:00,1,3.68,19550.00,11.63,9388.00,999.00,15.87,1011.10,18.85,-0.02
2026-06-07T20:12:00,1,3.69,19550.00,11.63,9388.00,999.00,15.87,1012.00,18.85,-0.01
2026-06-07T20:12:01,1,3.69,19550.00,11.63,9388.00,999.00,15.87,1011.20,18.85,-0.02
2026-06-07T20:12:01,1,3.66,19550.00,11.63,9388.00,999.00,15.87,1011.40,18.84,-0.02
2026-06-07T20:12:01,1,3.70,19530.00,11.62,9377.00,999.00,15.86,1011.70,18.84,-0.01
2026-06-07T20:12:01,1,3.70,19530.00,11.62,9377.00,999.00,15.87,1011.20,18.84,-0.02
2026-06-07T20:12:01,1,3.70,19530.00,11.62,9377.00,999.00,15.87,1011.00,18.84,-0.02
2026-06-07T20:12:02,1,3.68,19530.00,11.62,9377.00,999.00,15.87,1011.50,18.84,-0.01
2026-06-07T20:12:02,1,3.66,19530.00,11.62,9377.00,999.00,15.87,1011.90,18.84,-0.01
2026-06-07T20:12:02,1,3.70,19510.00,11.60,9368.00,999.00,15.88,1011.50,18.84,-0.01
2026-06-07T20:12:02,1,3.70,19510.00,11.60,9368.00,999.00,15.87,1011.60,18.84,-0.01
2026-06-07T20:12:03,1,3.68,19510.00,11.60,9368.00,999.00,15.88,1011.60,18.83,-0.01
2026-06-07T20:12:03,1,3.66,19510.00,11.60,9368.00,999.00,15.88,1011.90,18.83,-0.01
2026-06-07T20:12:03,1,3.68,19510.00,11.60,9368.00,999.00,15.88,1011.20,18.83,-0.02
2026-06-07T20:12:03,1,3.68,19500.00,11.59,9361.00,999.00,15.88,1011.50,18.83,-0.01
2026-06-07T20:12:03,1,3.71,19500.00,11.59,9361.00,999.00,15.89,1011.60,18.83,-0.01
2026-06-07T20:12:04,1,3.70,19500.00,11.59,9361.00,999.00,15.88,1011.70,18.83,-0.01
2026-06-07T20:12:04,1,3.69,19500.00,11.59,9361.00,999.00,15.89,1011.40,18.83,-0.02
2026-06-07T20:12:04,1,3.66,19480.00,11.58,9352.00,999.00,15.89,1011.60,18.83,-0.01
2026-06-07T20:12:04,1,3.68,19480.00,11.58,9352.00,999.00,15.89,1011.60,18.83,-0.01
2026-06-07T20:12:04,1,3.68,19480.00,11.58,9352.00,999.00,15.89,1011.30,18.81,-0.02
2026-06-07T20:12:05,1,3.68,19480.00,11.58,9352.00,999.00,15.89,1011.30,18.82,-0.02
2026-06-07T20:12:05,1,3.66,19480.00,11.58,9352.00,999.00,15.89,1011.40,18.82,-0.02
2026-06-07T20:12:05,1,3.70,19470.00,11.58,9348.00,999.00,15.88,1011.80,18.82,-0.01
2026-06-07T20:12:05,1,3.68,19470.00,11.58,9348.00,999.00,15.89,1011.30,18.82,-0.02
2026-06-07T20:12:05,1,3.69,19470.00,11.58,9348.00,999.00,15.89,1011.60,18.82,-0.01
2026-06-07T20:12:06,1,3.68,19470.00,11.58,9348.00,999.00,15.89,1011.10,18.82,-0.02
2026-06-07T20:12:06,1,3.65,19470.00,11.58,9348.00,999.00,15.89,1011.80,18.82,-0.01
2026-06-07T20:12:06,1,3.69,19460.00,11.57,9345.00,999.00,15.90,1011.30,18.82,-0.02
2026-06-07T20:12:06,1,3.69,19460.00,11.57,9345.00,999.00,15.90,1011.50,18.81,-0.01
2026-06-07T20:12:06,1,3.68,19460.00,11.57,9345.00,999.00,15.89,1011.30,18.81,-0.02
2026-06-07T20:12:07,1,3.68,19460.00,11.57,9345.00,999.00,15.90,1011.20,18.81,-0.02
2026-06-07T20:12:07,1,3.69,19460.00,11.57,9345.00,999.00,15.90,1011.40,18.81,-0.02
2026-06-07T20:12:07,1,3.68,18900.00,11.21,9076.00,999.00,15.90,1011.40,18.81,-0.02
2026-06-07T20:12:07,1,3.69,18900.00,11.21,9076.00,999.00,15.90,1011.60,18.81,-0.01
2026-06-07T20:12:07,1,3.68,18900.00,11.21,9076.00,999.00,15.90,1011.30,18.81,-0.02
2026-06-07T20:12:08,1,3.67,18900.00,11.21,9076.00,999.00,15.90,1011.30,18.81,-0.02
2026-06-07T20:12:08,1,3.69,20460.00,12.22,9822.00,999.00,15.90,1011.30,18.80,-0.02
2026-06-07T20:12:08,1,3.67,20460.00,12.22,9822.00,999.00,15.91,1011.30,18.80,-0.02
2026-06-07T20:12:08,1,3.69,20460.00,12.22,9822.00,999.00,15.91,1011.40,18.81,-0.02
2026-06-07T20:12:09,1,3.68,20460.00,12.22,9822.00,999.00,15.91,1011.50,18.80,-0.01
2026-06-07T20:12:09,1,3.66,20460.00,12.22,9822.00,999.00,15.91,1011.60,18.80,-0.01
2026-06-07T20:12:09,1,3.69,9707.00,5.45,4660.00,999.00,15.91,1011.20,18.80,-0.02
2026-06-07T20:12:09,1,3.70,9707.00,5.45,4660.00,999.00,15.92,1011.50,18.80,-0.01
2026-06-07T20:12:09,1,3.68,9707.00,5.45,4660.00,999.00,15.91,1011.50,18.80,-0.01
2026-06-07T20:12:10,1,3.67,9707.00,5.45,4660.00,999.00,15.92,1011.40,18.80,-0.02
2026-06-07T20:12:10,1,3.67,9707.00,5.45,4660.00,999.00,15.92,1011.70,18.79,-0.01
2026-06-07T20:12:10,1,3.68,9631.00,5.40,4623.00,999.00,15.92,1011.60,18.79,-0.01
2026-06-07T20:12:10,1,3.70,9631.00,5.40,4623.00,999.00,15.93,1011.40,18.79,-0.02
2026-06-07T20:12:10,1,3.68,9631.00,5.40,4623.00,999.00,15.93,1011.40,18.79,-0.02
2026-06-07T20:12:11,1,3.66,9631.00,5.40,4623.00,999.00,15.94,1011.60,18.79,-0.01
2026-06-07T20:12:11,1,3.67,9631.00,5.40,4623.00,999.00,15.94,1011.50,18.79,-0.01
2026-06-07T20:12:11,1,3.68,9650.00,5.42,4632.00,999.00,15.94,1011.10,18.79,-0.02
2026-06-07T20:12:11,1,3.70,9650.00,5.42,4632.00,999.00,15.94,1011.50,18.78,-0.01
2026-06-07T20:12:11,1,3.68,9650.00,5.42,4632.00,999.00,15.94,1011.10,18.78,-0.02
2026-06-07T20:12:12,1,3.66,9650.00,5.42,4632.00,999.00,15.94,1011.60,18.78,-0.01
2026-06-07T20:12:12,1,3.68,9760.00,5.48,4685.00,999.00,15.95,1011.40,18.78,-0.02
2026-06-07T20:12:12,1,3.68,9760.00,5.48,4685.00,999.00,15.95,1011.30,18.77,-0.02
2026-06-07T20:12:12,1,3.68,9760.00,5.48,4685.00,999.00,15.95,1011.80,18.77,-0.01
2026-06-07T20:12:12,1,3.66,9760.00,5.48,4685.00,999.00,15.95,1011.10,18.78,-0.02
2026-06-07T20:12:13,1,3.69,9760.00,5.48,4685.00,999.00,15.95,1011.10,18.78,-0.02
2026-06-07T20:12:13,1,3.70,9775.00,5.49,4692.00,999.00,15.95,1011.10,18.77,-0.02
2026-06-07T20:12:13,1,3.69,9775.00,5.49,4692.00,999.00,15.95,1011.20,18.77,-0.02
2026-06-07T20:12:13,1,3.68,9775.00,5.49,4692.00,999.00,15.96,1011.70,18.77,-0.01
2026-06-07T20:12:14,1,3.69,9775.00,5.49,4692.00,999.00,15.96,1011.20,18.77,-0.02
2026-06-07T20:12:14,1,3.70,9775.00,5.49,4692.00,999.00,15.96,1011.40,18.77,-0.02
2026-06-07T20:12:14,1,3.71,9762.00,5.48,4686.00,999.00,15.97,1011.40,18.77,-0.02
2026-06-07T20:12:14,1,3.68,9762.00,5.48,4686.00,999.00,15.97,1011.50,18.77,-0.01
2026-06-07T20:12:14,1,3.68,9762.00,5.48,4686.00,999.00,15.97,1011.10,18.77,-0.02
2026-06-07T20:12:15,1,3.68,9762.00,5.48,4686.00,999.00,15.97,1011.20,18.77,-0.02
2026-06-07T20:12:15,1,3.70,9762.00,5.48,4686.00,999.00,15.97,1011.40,18.77,-0.02
2026-06-07T20:12:15,1,3.67,9194.00,5.14,4413.00,999.00,15.97,1011.10,18.77,-0.02
2026-06-07T20:12:15,1,3.68,9194.00,5.14,4413.00,999.00,15.96,1011.30,18.76,-0.02
2026-06-07T20:12:15,1,3.70,9194.00,5.14,4413.00,999.00,15.95,1011.30,18.76,-0.02
2026-06-07T20:12:16,1,3.68,9194.00,5.14,4413.00,999.00,15.94,1011.30,18.76,-0.02
2026-06-07T20:12:16,1,3.69,8975.00,5.01,4308.00,999.00,15.93,1011.20,18.76,-0.02
2026-06-07T20:12:16,1,3.68,8975.00,5.01,4308.00,999.00,15.92,1011.30,18.76,-0.02
2026-06-07T20:12:16,1,3.68,8975.00,5.01,4308.00,999.00,15.91,1011.20,18.76,-0.02
2026-06-07T20:12:16,1,3.70,8975.00,5.01,4308.00,999.00,15.90,1010.90,18.75,-0.02
2026-06-07T20:12:17,1,3.68,8975.00,5.01,4308.00,999.00,15.90,1011.60,18.75,-0.01
2026-06-07T20:12:17,1,3.70,9259.00,5.18,4445.00,999.00,15.90,1010.30,18.79,-0.03
2026-06-07T20:12:17,1,3.66,9259.00,5.18,4445.00,999.00,15.89,1010.10,18.80,-0.03
2026-06-07T20:12:17,1,3.70,9259.00,5.18,4445.00,999.00,15.89,1010.10,18.79,-0.03
2026-06-07T20:12:17,1,3.68,9259.00,5.18,4445.00,999.00,15.89,1009.90,18.80,-0.03
2026-06-07T20:12:18,1,3.69,9259.00,5.18,4445.00,999.00,15.89,1010.30,18.79,-0.03
2026-06-07T20:12:18,1,3.68,9325.00,5.22,4476.00,999.00,15.89,1010.70,18.79,-0.02
2026-06-07T20:12:18,1,3.69,9325.00,5.22,4476.00,999.00,15.88,1010.40,18.79,-0.03
2026-06-07T20:12:18,1,3.69,9325.00,5.22,4476.00,999.00,15.87,1010.20,18.79,-0.03
